Work,Final Volume
-0.0,0.1
-2.4924554555665743,0.10010000000000001
-4.981427395059267,0.10020000000000001
-7.46692415640983,0.10030000000000001
-9.948954049305538,0.10040000000000002
-12.42752535531287,0.10050000000000002
-14.902646328000547,0.10060000000000002
-17.374325193061907,0.10070000000000003
-19.8425701484366,0.10080000000000003
-22.307389364431693,0.10090000000000003
-24.768790983842027,0.10100000000000003
-27.22678312207003,0.10110000000000004
-29.681373867244854,0.10120000000000004
-32.13257128034084,0.10130000000000004
-34.580383395295414,0.10140000000000005
-37.0248182191263,0.10150000000000005
-39.46588373204818,0.10160000000000005
-41.90358788758863,0.10170000000000005
-44.33793861270354,0.10180000000000006
-46.7689438078919,0.10190000000000006
-49.19661134730991,0.10200000000000006
-51.62094907888458,0.10210000000000007
-54.04196482442666,0.10220000000000007
-56.45966637974301,0.10230000000000007
-58.8740615147484,0.10240000000000007
-61.28515797357663,0.10250000000000008
-63.69296347469117,0.10260000000000008
-66.09748571099516,0.10270000000000008
-68.49873234994084,0.10280000000000009
-70.8967110336384,0.10290000000000009
-73.2914293789643,0.10300000000000009
-75.68289497766892,0.1031000000000001
-78.07111539648385,0.1032000000000001
-80.45609817722834,0.1033000000000001
-82.83785083691548,0.1034000000000001
-85.21638086785751,0.1035000000000001
-87.59169573777095,0.10360000000000011
-89.96380288988084,0.10370000000000011
-92.33270974302474,0.10380000000000011
-94.69842369175582,0.10390000000000012
-97.06095210644588,0.10400000000000012
-99.42030233338738,0.10410000000000012
-101.77648169489527,0.10420000000000013
-104.12949748940812,0.10430000000000013
-106.47935699158882,0.10440000000000013
-108.82606745242464,0.10450000000000013
-111.16963609932692,0.10460000000000014
-113.5100701362302,0.10470000000000014
-115.84737674369069,0.10480000000000014
-118.18156307898448,0.10490000000000015
-120.51263627620509,0.10500000000000015
-122.8406034463605,0.10510000000000015
-125.16547167746984,0.10520000000000015
-127.48724803465934,0.10530000000000016
-129.80593956025803,0.10540000000000016
-132.12155327389286,0.10550000000000016
-134.4340961725831,0.10560000000000017
-136.7435752308349,0.10570000000000017
-139.04999740073453,0.10580000000000017
-141.3533696120417,0.10590000000000017
-143.65369877228235,0.10600000000000018
-145.95099176684084,0.10610000000000018
-148.2452554590516,0.10620000000000018
-150.5364966902906,0.10630000000000019
-152.82472228006597,0.10640000000000019
-155.10993902610858,0.10650000000000019
-157.3921537044619,0.1066000000000002
-159.67137306957133,0.1067000000000002
-161.9476038543733,0.1068000000000002
-164.22085277038397,0.1069000000000002
-166.491126507787,0.1070000000000002
-168.7584317355215,0.10710000000000021
-171.02277510136918,0.10720000000000021
-173.2841632320411,0.10730000000000021
-175.542602733264,0.10740000000000022
-177.79810018986623,0.10750000000000022
-180.05066216586334,0.10760000000000022
-182.30029520454298,0.10770000000000023
-184.54700582854952,0.10780000000000023
-186.79080053996842,0.10790000000000023
-189.03168582040988,0.10800000000000023
-191.2696681310922,0.10810000000000024
-193.50475391292488,0.10820000000000024
-195.73694958659087,0.10830000000000024
-197.96626155262896,0.10840000000000025
-200.19269619151538,0.10850000000000025
-202.4162598637451,0.10860000000000025
-204.6369589099128,0.10870000000000025
-206.85479965079327,0.10880000000000026
-209.06978838742157,0.10890000000000026
-211.28193140117276,0.10900000000000026
-213.4912349538412,0.10910000000000027
-215.6977052877194,0.10920000000000027
-217.9013486256767,0.10930000000000027
-220.1021711712371,0.10940000000000027
-222.30017910865746,0.10950000000000028
-224.4953786030045,0.10960000000000028
-226.68777580023203,0.10970000000000028
-228.87737682725734,0.10980000000000029
-231.06418779203764,0.10990000000000029
-233.24821478364584,0.11000000000000029
-235.42946387234593,0.1101000000000003
-237.60794110966842,0.1102000000000003
-239.78365252848465,0.1103000000000003
-241.95660414308153,0.1104000000000003
-244.12680194923544,0.1105000000000003
-246.2942519242858,0.11060000000000031
-248.45896002720855,0.11070000000000031
-250.620932198689,0.11080000000000031
-252.7801743611943,0.11090000000000032
-254.9366924190459,0.11100000000000032
-257.0904922584914,0.11110000000000032
-259.24157974777575,0.11120000000000033
-261.389960737213,0.11130000000000033
-263.5356410592567,0.11140000000000033
-265.6786265285706,0.11150000000000033
-267.8189229420986,0.11160000000000034
-269.9565360791348,0.11170000000000034
-272.0914717013932,0.11180000000000034
-274.22373555307604,0.11190000000000035
-276.35333336094334,0.11200000000000035
-278.4802708343814,0.11210000000000035
-280.6045536654703,0.11220000000000036
-282.72618752905237,0.11230000000000036
-284.8451780827995,0.11240000000000036
-286.96153096728017,0.11250000000000036
-289.07525180602636,0.11260000000000037
-291.18634620560016,0.11270000000000037
-293.29481975566006,0.11280000000000037
-295.40067802902655,0.11290000000000038
-297.50392658174803,0.11300000000000038
-299.60457095316576,0.11310000000000038
-301.7026166659791,0.11320000000000038
-303.7980692263101,0.11330000000000039
-305.89093412376764,0.11340000000000039
-307.98121683151163,0.11350000000000039
-310.06892280631666,0.1136000000000004
-312.15405748863583,0.1137000000000004
-314.23662630266296,0.1138000000000004
-316.31663465639633,0.1139000000000004
-318.3940879417008,0.1140000000000004
-320.46899153436993,0.11410000000000041
-322.54135079418836,0.11420000000000041
-324.61117106499296,0.11430000000000042
-326.6784576747343,0.11440000000000042
-328.74321593553816,0.11450000000000042
-330.8054511437656,0.11460000000000042
-332.86516858007394,0.11470000000000043
-334.922373509477,0.11480000000000043
-336.9770711814044,0.11490000000000043
-339.02926682976215,0.11500000000000044
-341.07896567299116,0.11510000000000044
-343.1261729141268,0.11520000000000044
-345.17089374085765,0.11530000000000044
-347.21313332558384,0.11540000000000045
-349.25289682547543,0.11550000000000045
-351.29018938253046,0.11560000000000045
-353.3250161236325,0.11570000000000046
-355.3573821606082,0.11580000000000046
-357.3872925902847,0.11590000000000046
-359.41475249454584,0.11600000000000046
-361.4397669403895,0.11610000000000047
-363.46234097998394,0.11620000000000047
-365.48247965072335,0.11630000000000047
-367.50018797528435,0.11640000000000048
-369.5154709616811,0.11650000000000048
-371.5283336033211,0.11660000000000048
-373.53878087905986,0.11670000000000048
-375.546817753256,0.11680000000000049
-377.55244917582576,0.11690000000000049
-379.5556800822973,0.11700000000000049
-381.5565153938646,0.1171000000000005
-383.55496001744183,0.1172000000000005
-385.5510188457164,0.1173000000000005
-387.5446967572023,0.1174000000000005
-389.53599861629357,0.1175000000000005
-391.52492927331696,0.11760000000000051
-393.5114935645843,0.11770000000000051
-395.4956963124454,0.11780000000000052
-397.47754232533924,0.11790000000000052
-399.4570363978471,0.11800000000000052
-401.43418331074326,0.11810000000000052
-403.4089878310466,0.11820000000000053
-405.381454712072,0.11830000000000053
-407.3515886934812,0.11840000000000053
-409.31939450133325,0.11850000000000054
-411.2848768481354,0.11860000000000054
-413.2480404328931,0.11870000000000054
-415.20888994116007,0.11880000000000054
-417.16743004508805,0.11890000000000055
-419.1236654034763,0.11900000000000055
-421.0776006618214,0.11910000000000055
-423.0292404523655,0.11920000000000056
-424.9785893941462,0.11930000000000056
-426.9256520930444,0.11940000000000056
-428.8704331418333,0.11950000000000056
-430.8129371202265,0.11960000000000057
-432.7531685949256,0.11970000000000057
-434.6911321196689,0.11980000000000057
-436.6268322352779,0.11990000000000058
-438.5602734697057,0.12000000000000058
-440.49146033808324,0.12010000000000058
-442.4203973427669,0.12020000000000058
-444.34708897338504,0.12030000000000059
-446.2715397068845,0.12040000000000059
-448.1937540075768,0.12050000000000059
-450.1137363271845,0.1206000000000006
-452.03149110488687,0.1207000000000006
-453.9470227673657,0.1208000000000006
-455.86033572885094,0.1209000000000006
-457.7714343911656,0.12100000000000061
-459.6803231437713,0.12110000000000061
-461.58700636381275,0.12120000000000061
-463.49148841616284,0.12130000000000062
-465.3937736534666,0.12140000000000062
-467.2938664161861,0.12150000000000062
-469.19177103264417,0.12160000000000062
-471.0874918190682,0.12170000000000063
-472.98103307963424,0.12180000000000063
-474.8723991065102,0.12190000000000063
-476.76159417989936,0.12200000000000064
-478.6486225680833,0.12210000000000064
-480.5334885274648,0.12220000000000064
-482.416196302611,0.12230000000000064
-484.2967501262957,0.12240000000000065
-486.17515421954135,0.12250000000000065
-488.0514127916619,0.12260000000000065
-489.92553004030447,0.12270000000000066
-491.797510151491,0.12280000000000066
-493.6673572996603,0.12290000000000066
-495.5350756477091,0.12300000000000066
-497.4006693470335,0.12310000000000067
-499.26414253757,0.12320000000000067
-501.1254993478367,0.12330000000000067
-502.98474389497335,0.12340000000000068
-504.8418802847825,0.12350000000000068
-506.6969126117698,0.12360000000000068
-508.5498449591839,0.12370000000000068
-510.40068139905657,0.12380000000000069
-512.2494259922428,0.12390000000000069
-514.0960827884602,0.12400000000000069
-515.9406558263286,0.1241000000000007
-517.7831491334091,0.1242000000000007
-519.623566726244,0.1243000000000007
-521.4619126103948,0.1244000000000007
-523.2981907804817,0.12450000000000071
-525.1324052202219,0.12460000000000071
-526.9645599024682,0.12470000000000071
-528.7946587892475,0.12480000000000072
-530.6227058317985,0.12490000000000072
-532.4487049706104,0.12500000000000072
-534.2726601354591,0.1251000000000007
-536.0945752454481,0.12520000000000073
-537.9144542090421,0.12530000000000074
-539.7323009241061,0.12540000000000073
-541.5481192779439,0.12550000000000072
-543.3619131473336,0.12560000000000074
-545.1736863985634,0.12570000000000076
-546.9834428874706,0.12580000000000074
-548.7911864594769,0.12590000000000073
-550.5969209496258,0.12600000000000075
-552.4006501826165,0.12610000000000077
-554.2023779728419,0.12620000000000076
-556.0021081244249,0.12630000000000075
-557.7998444312532,0.12640000000000076
-559.5955906770143,0.12650000000000078
-561.389350635232,0.12660000000000077
-563.1811280693016,0.12670000000000076
-564.9709267325256,0.12680000000000077
-566.7587503681468,0.1269000000000008
-568.5446027093843,0.12700000000000078
-570.3284874794692,0.12710000000000077
-572.1104083916784,0.12720000000000078
-573.8903691493676,0.1273000000000008
-575.6683734460069,0.1274000000000008
-577.4444249652161,0.12750000000000078
-579.2185273807968,0.1276000000000008
-580.9906843567663,0.1277000000000008
-582.7608995473919,0.1278000000000008
-584.5291765972249,0.1279000000000008
-586.295519141134,0.1280000000000008
-588.0599308043365,0.12810000000000082
-589.8224152024338,0.1282000000000008
-591.5829759414438,0.1283000000000008
-593.3416166178338,0.12840000000000082
-595.098340818552,0.12850000000000084
-596.8531521210608,0.12860000000000082
-598.6060540933709,0.1287000000000008
-600.3570502940714,0.12880000000000083
-602.1061442723625,0.12890000000000085
-603.8533395680871,0.12900000000000084
-605.5986397117649,0.12910000000000083
-607.3420482246221,0.12920000000000084
-609.0835686186226,0.12930000000000086
-610.8232043965008,0.12940000000000085
-612.5609590517934,0.12950000000000084
-614.2968360688697,0.12960000000000085
-616.0308389229617,0.12970000000000087
-617.7629710801968,0.12980000000000086
-619.4932359976287,0.12990000000000085
-621.2216371232673,0.13000000000000086
-622.9481778961087,0.13010000000000088
-624.6728617461667,0.13020000000000087
-626.3956920945033,0.13030000000000086
-628.116672353259,0.13040000000000088
-629.8358059256809,0.1305000000000009
-631.5530962061548,0.13060000000000088
-633.2685465802349,0.13070000000000087
-634.9821604246731,0.1308000000000009
-636.6939411074475,0.1309000000000009
-638.403891987793,0.1310000000000009
-640.1120164162317,0.13110000000000088
-641.8183177346002,0.1312000000000009
-643.5227992760794,0.13130000000000092
-645.2254643652227,0.1314000000000009
-646.9263163179877,0.1315000000000009
-648.625358441762,0.1316000000000009
-650.3225940353924,0.13170000000000093
-652.0180263892139,0.13180000000000092
-653.7116587850785,0.1319000000000009
-655.4034944963836,0.13200000000000092
-657.0935367880982,0.13210000000000094
-658.7817889167925,0.13220000000000093
-660.4682541306668,0.13230000000000092
-662.1529356695778,0.13240000000000093
-663.8358367650663,0.13250000000000095
-665.5169606403849,0.13260000000000094
-667.1963105105265,0.13270000000000093
-668.8738895822516,0.13280000000000095
-670.5497010541137,0.13290000000000096
-672.2237481164873,0.13300000000000095
-673.896033951597,0.13310000000000094
-675.5665617335424,0.13320000000000096
-677.2353346283242,0.13330000000000097
-678.9023557938723,0.13340000000000096
-680.5676283800728,0.13350000000000095
-682.2311555287945,0.13360000000000097
-683.8929403739127,0.13370000000000098
-685.5529860413379,0.13380000000000097
-687.2112956490425,0.13390000000000096
-688.8678723070857,0.13400000000000098
-690.5227191176385,0.134100000000001
-692.1758391750113,0.13420000000000099
-693.8272355656791,0.13430000000000097
-695.476911368308,0.134400000000001
-697.1248696537784,0.134500000000001
-698.771113485212,0.134600000000001
-700.4156459179981,0.13470000000000099
-702.0584699998176,0.134800000000001
-703.6995887706676,0.13490000000000102
-705.3390052628872,0.135000000000001
-706.9767225011835,0.135100000000001
-708.612743502655,0.135200000000001
-710.2470712768163,0.13530000000000103
-711.8797088256229,0.13540000000000102
-713.5106591434969,0.135500000000001
-715.1399252173509,0.13560000000000103
-716.7675100266108,0.13570000000000104
-718.3934165432418,0.13580000000000103
-720.0176477317724,0.13590000000000102
-721.6402065493185,0.13600000000000104
-723.2610959456059,0.13610000000000105
-724.8803188629958,0.13620000000000104
-726.497878236508,0.13630000000000103
-728.1137769938457,0.13640000000000105
-729.7280180554164,0.13650000000000106
-731.3406043343575,0.13660000000000105
-732.95153873656,0.13670000000000104
-734.560824160691,0.13680000000000106
-736.1684634982162,0.13690000000000108
-737.7744596334237,0.13700000000000107
-739.378815443448,0.13710000000000105
-740.9815337982927,0.13720000000000107
-742.5826175608511,0.1373000000000011
-744.182069586931,0.13740000000000108
-745.7798927252778,0.13750000000000107
-747.3760898175967,0.13760000000000108
-748.9706636985734,0.1377000000000011
-750.5636171958981,0.1378000000000011
-752.154953130289,0.13790000000000108
-753.7446743155123,0.1380000000000011
-755.332783558405,0.1381000000000011
-756.9192836588973,0.1382000000000011
-758.5041774100348,0.1383000000000011
-760.0874675980003,0.1384000000000011
-761.6691570021353,0.13850000000000112
-763.2492483949604,0.1386000000000011
-764.8277445422004,0.1387000000000011
-766.4046482028032,0.13880000000000112
-767.9799621289612,0.13890000000000113
-769.5536890661335,0.13900000000000112
-771.1258317530674,0.1391000000000011
-772.69639292182,0.13920000000000113
-774.2653752977772,0.13930000000000115
-775.8327815996765,0.13940000000000113
-777.3986145396283,0.13950000000000112
-778.9628768231364,0.13960000000000114
-780.5255711491177,0.13970000000000116
-782.0867002099233,0.13980000000000115
-783.6462666913612,0.13990000000000113
-785.204273272715,0.14000000000000115
-786.7607226267635,0.14010000000000117
-788.3156174198032,0.14020000000000116
-789.8689603116679,0.14030000000000115
-791.4207539557491,0.14040000000000116
-792.9710009990149,0.14050000000000118
-794.5197040820315,0.14060000000000117
-796.0668658389832,0.14070000000000116
-797.6124888976921,0.14080000000000117
-799.1565758796373,0.1409000000000012
-800.6991293999752,0.14100000000000118
-802.2401520675597,0.14110000000000117
-803.7796464849619,0.14120000000000119
-805.317615248488,0.1413000000000012
-806.8540609482004,0.1414000000000012
-808.3889861679371,0.14150000000000118
-809.9223934853309,0.1416000000000012
-811.4542854718273,0.1417000000000012
-812.9846646927056,0.1418000000000012
-814.5135337070969,0.1419000000000012
-816.0408950680046,0.1420000000000012
-817.566751322321,0.14210000000000123
-819.0911050108473,0.14220000000000121
-820.6139586683137,0.1423000000000012
-822.1353148233972,0.14240000000000122
-823.6551759987391,0.14250000000000124
-825.1735447109648,0.14260000000000123
-826.6904234707033,0.14270000000000121
-828.2058147826045,0.14280000000000123
-829.719721145357,0.14290000000000125
-831.2321450517068,0.14300000000000124
-832.7430889884777,0.14310000000000123
-834.2525554365868,0.14320000000000124
-835.7605468710635,0.14330000000000126
-837.2670657610674,0.14340000000000125
-838.7721145699076,0.14350000000000124
-840.2756957550594,0.14360000000000125
-841.7778117681819,0.14370000000000127
-843.2784650551359,0.14380000000000126
-844.777658056003,0.14390000000000125
-846.2753932051025,0.14400000000000127
-847.771672931008,0.14410000000000128
-849.2664996565652,0.14420000000000127
-850.7598757989113,0.14430000000000126
-852.2518037694906,0.14440000000000128
-853.7422859740716,0.1445000000000013
-855.231324812765,0.14460000000000128
-856.7189226800414,0.14470000000000127
-858.2050819647479,0.1448000000000013
-859.6898050501246,0.1449000000000013
-861.173094313822,0.1450000000000013
-862.6549521279185,0.14510000000000128
-864.1353808589377,0.1452000000000013
-865.6143828678628,0.14530000000000132
-867.0919605101557,0.1454000000000013
-868.5681161357732,0.1455000000000013
-870.0428520891837,0.1456000000000013
-871.516170709383,0.14570000000000133
-872.9880743299108,0.14580000000000132
-874.4585652788687,0.1459000000000013
-875.9276458789357,0.14600000000000132
-877.3953184473834,0.14610000000000134
-878.8615852960936,0.14620000000000133
-880.3264487315745,0.14630000000000132
-881.789911054977,0.14640000000000133
-883.2519745621096,0.14650000000000135
-884.7126415434545,0.14660000000000134
-886.1719142841862,0.14670000000000133
-887.6297950641842,0.14680000000000135
-889.0862861580505,0.14690000000000136
-890.5413898351243,0.14700000000000135
-891.9951083594995,0.14710000000000134
-893.4474439900391,0.14720000000000136
-894.8983989803909,0.14730000000000137
-896.3479755790029,0.14740000000000136
-897.7961760291397,0.14750000000000135
-899.2430025688984,0.14760000000000137
-900.688457431221,0.14770000000000139
-902.1325428439125,0.14780000000000137
-903.5752610296561,0.14790000000000136
-905.016614206028,0.14800000000000138
-906.4566045855115,0.1481000000000014
-907.8952343755125,0.1482000000000014
-909.3325057783766,0.14830000000000138
-910.7684209914021,0.1484000000000014
-912.2029822068547,0.1485000000000014
-913.6361916119835,0.1486000000000014
-915.0680513890356,0.1487000000000014
-916.4985637152716,0.1488000000000014
-917.9277307629778,0.14890000000000142
-919.3555546994836,0.1490000000000014
-920.782037687175,0.1491000000000014
-922.20718188351,0.14920000000000141
-923.6309894410314,0.14930000000000143
-925.053462507382,0.14940000000000142
-926.4746032253208,0.1495000000000014
-927.8944137327355,0.14960000000000143
-929.3128961626562,0.14970000000000144
-930.7300526432715,0.14980000000000143
-932.1458852979418,0.14990000000000142
-933.5603962452144,0.15000000000000144
-934.9735875988356,0.15010000000000145
-936.3854614677655,0.15020000000000144
-937.7960199561942,0.15030000000000143
-939.2052651635533,0.15040000000000145
-940.6131991845305,0.15050000000000147
-942.0198241090826,0.15060000000000145
-943.4251420224517,0.15070000000000144
-944.8291550051773,0.15080000000000146
-946.2318651331094,0.15090000000000148
-947.6332744774227,0.15100000000000147
-949.0333851046319,0.15110000000000146
-950.4321990766032,0.15120000000000147
-951.8297184505682,0.1513000000000015
-953.2259452791374,0.15140000000000148
-954.6208816103145,0.15150000000000147
-956.0145294875093,0.15160000000000148
-957.4068909495504,0.1517000000000015
-958.7979680306983,0.1518000000000015
-960.1877627606605,0.15190000000000148
-961.5762771646034,0.1520000000000015
-962.9635132631649,0.1521000000000015
-964.3494730724678,0.1522000000000015
-965.7341586041339,0.1523000000000015
-967.1175718652964,0.1524000000000015
-968.4997148586122,0.15250000000000152
-969.8805895822745,0.1526000000000015
-971.2601980300282,0.1527000000000015
-972.6385421911802,0.15280000000000152
-974.0156240506128,0.15290000000000153
-975.3914455887962,0.15300000000000152
-976.7660087818024,0.1531000000000015
-978.1393156013172,0.15320000000000153
-979.5113680146515,0.15330000000000155
-980.8821679847551,0.15340000000000154
-982.2517174702298,0.15350000000000152
-983.6200184253414,0.15360000000000154
-984.9870728000305,0.15370000000000156
-986.3528825399269,0.15380000000000155
-987.717449586361,0.15390000000000154
-989.0807758763772,0.15400000000000155
-990.4428633427441,0.15410000000000157
-991.8037139139681,0.15420000000000156
-993.1633295143056,0.15430000000000155
-994.5217120637753,0.15440000000000156
-995.8788634781689,0.15450000000000158
-997.2347856690637,0.15460000000000157
-998.5894805438363,0.15470000000000156
-999.9429500056727,0.15480000000000158
-1001.2951959535799,0.1549000000000016
-1002.6462202823985,0.15500000000000158
-1003.9960248828161,0.15510000000000157
-1005.3446116413761,0.1552000000000016
-1006.6919824404913,0.1553000000000016
-1008.0381391584548,0.1554000000000016
-1009.3830836694525,0.15550000000000158
-1010.7268178435748,0.1556000000000016
-1012.0693435468263,0.15570000000000161
-1013.410662641139,0.1558000000000016
-1014.7507769843844,0.1559000000000016
-1016.0896884303831,0.1560000000000016
-1017.4273988289177,0.15610000000000163
-1018.7639100257427,0.15620000000000162
-1020.0992238625975,0.1563000000000016
-1021.4333421772174,0.15640000000000162
-1022.7662668033435,0.15650000000000164
-1024.0979995707346,0.15660000000000163
-1025.4285423051797,0.15670000000000162
-1026.757896828508,0.15680000000000163
-1028.0860649585986,0.15690000000000165
-1029.4130485093945,0.15700000000000164
-1030.7388492909115,0.15710000000000163
-1032.063469109251,0.15720000000000164
-1033.386909766608,0.15730000000000166
-1034.7091730612842,0.15740000000000165
-1036.0302607877,0.15750000000000164
-1037.3501747364026,0.15760000000000166
-1038.6689166940785,0.15770000000000167
-1039.9864884435628,0.15780000000000166
-1041.3028917638528,0.15790000000000165
-1042.6181284301156,0.15800000000000167
-1043.9322002137,0.15810000000000168
-1045.2451088821476,0.15820000000000167
-1046.5568561992022,0.15830000000000166
-1047.867443924823,0.15840000000000168
-1049.1768738151904,0.1585000000000017
-1050.485147622721,0.15860000000000168
-1051.7922670960756,0.15870000000000167
-1053.0982339801717,0.1588000000000017
-1054.4030500161907,0.1589000000000017
-1055.7067169415905,0.1590000000000017
-1057.0092364901154,0.15910000000000168
-1058.3106103918076,0.1592000000000017
-1059.610840373014,0.15930000000000172
-1060.9099281563995,0.1594000000000017
-1062.2078754609558,0.1595000000000017
-1063.5046840020134,0.1596000000000017
-1064.800355491248,0.15970000000000173
-1066.0948916366938,0.15980000000000172
-1067.3882941427526,0.1599000000000017
-1068.6805647102037,0.16000000000000172
-1069.9717050362135,0.16010000000000174
-1071.2617168143456,0.16020000000000173
-1072.550601734571,0.16030000000000172
-1073.8383614832787,0.16040000000000174
-1075.1249977432835,0.16050000000000175
-1076.4105121938364,0.16060000000000174
-1077.6949065106369,0.16070000000000173
-1078.9781823658388,0.16080000000000175
-1080.2603414280627,0.16090000000000176
-1081.5413853624043,0.16100000000000175
-1082.8213158304447,0.16110000000000174
-1084.1001344902602,0.16120000000000176
-1085.3778429964311,0.16130000000000178
-1086.6544430000504,0.16140000000000176
-1087.9299361487367,0.16150000000000175
-1089.20432408664,0.16160000000000177
-1090.4776084544528,0.1617000000000018
-1091.7497908894188,0.16180000000000178
-1093.020873025344,0.16190000000000176
-1094.2908564926038,0.16200000000000178
-1095.5597429181535,0.1621000000000018
-1096.8275339255374,0.1622000000000018
-1098.094231134898,0.16230000000000178
-1099.3598361629859,0.1624000000000018
-1100.6243506231672,0.1625000000000018
-1101.8877761254344,0.1626000000000018
-1103.1501142764148,0.1627000000000018
-1104.4113666793803,0.1628000000000018
-1105.671534934255,0.16290000000000182
-1106.9306206376255,0.1630000000000018
-1108.1886253827493,0.1631000000000018
-1109.4455507595646,0.16320000000000182
-1110.7013983546985,0.16330000000000183
-1111.9561697514748,0.16340000000000182
-1113.209866529926,0.1635000000000018
-1114.4624902667997,0.16360000000000183
-1115.7140425355674,0.16370000000000184
-1116.9645249064342,0.16380000000000183
-1118.2139389463478,0.16390000000000182
-1119.4622862190067,0.16400000000000184
-1120.7095682848685,0.16410000000000186
-1121.955786701159,0.16420000000000184
-1123.2009430218811,0.16430000000000183
-1124.445038797824,0.16440000000000185
-1125.6880755765706,0.16450000000000187
-1126.9300549025047,0.16460000000000186
-1128.170978316824,0.16470000000000184
-1129.4108473575452,0.16480000000000186
-1130.6496635595124,0.16490000000000188
-1131.8874284544067,0.16500000000000187
-1133.1241435707552,0.16510000000000186
-1134.359810433938,0.16520000000000187
-1135.594430566197,0.1653000000000019
-1136.8280054866436,0.16540000000000188
-1138.0605367112696,0.16550000000000187
-1139.2920257529527,0.16560000000000188
-1140.5224741214654,0.1657000000000019
-1141.751883323484,0.1658000000000019
-1142.980254862597,0.16590000000000188
-1144.2075902393117,0.1660000000000019
-1145.433890951064,0.1661000000000019
-1146.6591584922253,0.1662000000000019
-1147.8833943541117,0.1663000000000019
-1149.106600024992,0.1664000000000019
-1150.3287769900949,0.16650000000000192
-1151.5499267316166,0.1666000000000019
-1152.770050728731,0.1667000000000019
-1153.9891504575958,0.16680000000000192
-1155.2072273913614,0.16690000000000194
-1156.4242830001774,0.16700000000000192
-1157.6403187512026,0.1671000000000019
-1158.8553361086117,0.16720000000000193
-1160.0693365336026,0.16730000000000195
-1161.282321484405,0.16740000000000194
-1162.494292416289,0.16750000000000193
-1163.7052507815713,0.16760000000000194
-1164.9151980296233,0.16770000000000196
-1166.1241356068792,0.16780000000000195
-1167.332064956844,0.16790000000000194
-1168.5389875201013,0.16800000000000195
-1169.7449047343196,0.16810000000000197
-1170.9498180342598,0.16820000000000196
-1172.1537288517861,0.16830000000000195
-1173.3566386158702,0.16840000000000196
-1174.5585487525996,0.16850000000000198
-1175.7594606851849,0.16860000000000197
-1176.959375833969,0.16870000000000196
-1178.1582956164339,0.16880000000000198
-1179.3562214472056,0.168900000000002
-1180.553154738065,0.16900000000000198
-1181.7490968979537,0.16910000000000197
-1182.9440493329819,0.169200000000002
-1184.1380134464348,0.169300000000002
-1185.3309906387803,0.169400000000002
-1186.522982307678,0.16950000000000198
-1187.713989847984,0.169600000000002
-1188.90401465176,0.16970000000000202
-1190.0930581082785,0.169800000000002
-1191.2811216040325,0.169900000000002
-1192.4682065227414,0.170000000000002
-1193.6543142453581,0.17010000000000203
-1194.839446150076,0.17020000000000202
-1196.0236036123367,0.170300000000002
-1197.206788004838,0.17040000000000202
-1198.389000697538,0.17050000000000204
-1199.5702430576648,0.17060000000000203
-1200.7505164497236,0.17070000000000202
-1201.9298222355021,0.17080000000000203
-1203.108161774078,0.17090000000000205
-1204.2855364218267,0.17100000000000204
-1205.4619475324278,0.17110000000000203
-1206.6373964568725,0.17120000000000204
-1207.8118845434692,0.17130000000000206
-1208.985413137851,0.17140000000000205
-1210.1579835829848,0.17150000000000204
-1211.3295972191738,0.17160000000000206
-1212.500255384068,0.17170000000000207
-1213.6699594126687,0.17180000000000206
-1214.8387106373373,0.17190000000000205
-1216.006510387801,0.17200000000000207
-1217.1733599911586,0.17210000000000208
-1218.3392607718883,0.17220000000000207
-1219.5042140518553,0.17230000000000206
-1220.6682211503164,0.17240000000000208
-1221.8312833839282,0.1725000000000021
-1222.9934020667522,0.17260000000000209
-1224.154578510264,0.17270000000000207
-1225.3148140233575,0.1728000000000021
-1226.474109912352,0.1729000000000021
-1227.6324674809994,0.1730000000000021
-1228.78988803049,0.17310000000000209
-1229.94637285946,0.1732000000000021
-1231.101923263997,0.17330000000000212
-1232.256540537646,0.1734000000000021
-1233.4102259714182,0.1735000000000021
-1234.5629808537951,0.1736000000000021
-1235.7148064707353,0.17370000000000213
-1236.8657041056817,0.17380000000000212
-1238.0156750395674,0.1739000000000021
-1239.164720550823,0.17400000000000213
-1240.31284191538,0.17410000000000214
-1241.4600404066805,0.17420000000000213
-1242.6063172956824,0.17430000000000212
-1243.7516738508648,0.17440000000000214
-1244.8961113382345,0.17450000000000215
-1246.0396310213332,0.17460000000000214
-1247.1822341612428,0.17470000000000213
-1248.323922016592,0.17480000000000215
-1249.4646958435628,0.17490000000000216
-1250.6045568958948,0.17500000000000215
-1251.7435064248941,0.17510000000000214
-1252.8815456794377,0.17520000000000216
-1254.0186759059798,0.17530000000000218
-1255.1548983485575,0.17540000000000217
-1256.2902142487987,0.17550000000000215
-1257.4246248459258,0.17560000000000217
-1258.558131376763,0.1757000000000022
-1259.6907350757415,0.17580000000000218
-1260.8224371749075,0.17590000000000217
-1261.9532389039257,0.17600000000000218
-1263.0831414900863,0.1761000000000022
-1264.21214615831,0.1762000000000022
-1265.3402541311568,0.17630000000000218
-1266.4674666288288,0.1764000000000022
-1267.5937848691774,0.1765000000000022
-1268.7192100677078,0.1766000000000022
-1269.8437434375874,0.1767000000000022
-1270.96738618965,0.1768000000000022
-1272.0901395324015,0.17690000000000222
-1273.2120046720252,0.1770000000000022
-1274.33298281239,0.1771000000000022
-1275.4530751550535,0.17720000000000222
-1276.5722828992689,0.17730000000000223
-1277.6906072419897,0.17740000000000222
-1278.808049377878,0.1775000000000022
-1279.9246104993072,0.17760000000000223
-1281.0402917963695,0.17770000000000225
-1282.1550944568799,0.17780000000000223
-1283.2690196663843,0.17790000000000222
-1284.3820686081633,0.17800000000000224
-1285.4942424632377,0.17810000000000226
-1286.605542410374,0.17820000000000225
-1287.7159696260921,0.17830000000000223
-1288.8255252846689,0.17840000000000225
-1289.9342105581431,0.17850000000000227
-1291.0420266163226,0.17860000000000226
-1292.1489746267894,0.17870000000000225
-1293.2550557549046,0.17880000000000226
-1294.360271163814,0.17890000000000228
-1295.464622014454,0.17900000000000227
-1296.568109465557,0.17910000000000226
-1297.670734673656,0.17920000000000227
-1298.7724987930906,0.1793000000000023
-1299.873402976012,0.17940000000000228
-1300.9734483723896,0.17950000000000227
-1302.0726361300153,0.17960000000000229
-1303.170967394508,0.1797000000000023
-1304.2684433093207,0.1798000000000023
-1305.365065015745,0.17990000000000228
-1306.460833652916,0.1800000000000023
-1307.5557503578182,0.1801000000000023
-1308.6498162652902,0.1802000000000023
-1309.7430325080304,0.1803000000000023
-1310.8354002166025,0.1804000000000023
-1311.9269205194396,0.18050000000000233
-1313.0175945428496,0.18060000000000231
-1314.1074234110222,0.1807000000000023
-1315.1964082460322,0.18080000000000232
-1316.2845501678441,0.18090000000000234
-1317.3718502943193,0.18100000000000233
-1318.4583097412199,0.18110000000000231
-1319.5439296222146,0.18120000000000233
-1320.628711048882,0.18130000000000235
-1321.7126551307174,0.18140000000000234
-1322.7957629751381,0.18150000000000233
-1323.8780356874872,0.18160000000000234
-1324.959474371039,0.18170000000000236
-1326.0400801270034,0.18180000000000235
-1327.1198540545336,0.18190000000000234
-1328.1987972507272,0.18200000000000235
-1329.2769108106345,0.18210000000000237
-1330.3541958272604,0.18220000000000236
-1331.4306533915724,0.18230000000000235
-1332.5062845925033,0.18240000000000237
-1333.5810905169574,0.18250000000000238
-1334.655072249814,0.18260000000000237
-1335.728230873934,0.18270000000000236
-1336.800567470164,0.18280000000000238
-1337.87208311734,0.1829000000000024
-1338.942778892294,0.18300000000000238
-1340.012655869858,0.18310000000000237
-1341.0817151228691,0.1832000000000024
-1342.149957722174,0.1833000000000024
-1343.2173847366328,0.1834000000000024
-1344.2839972331267,0.18350000000000238
-1345.3497962765596,0.1836000000000024
-1346.4147829298647,0.18370000000000242
-1347.4789582540077,0.1838000000000024
-1348.5423233079937,0.1839000000000024
-1349.6048791488702,0.1840000000000024
-1350.6666268317315,0.18410000000000243
-1351.7275674097245,0.18420000000000242
-1352.7877019340533,0.1843000000000024
-1353.8470314539836,0.18440000000000242
-1354.9055570168462,0.18450000000000244
-1355.9632796680428,0.18460000000000243
-1357.020200451051,0.18470000000000242
-1358.0763204074287,0.18480000000000243
-1359.131640576817,0.18490000000000245
-1360.186161996946,0.18500000000000244
-1361.2398857036405,0.18510000000000243
-1362.2928127308228,0.18520000000000245
-1363.3449441105176,0.18530000000000246
-1364.3962808728566,0.18540000000000245
-1365.4468240460833,0.18550000000000244
-1366.4965746565576,0.18560000000000246
-1367.5455337287594,0.18570000000000247
-1368.5937022852936,0.18580000000000246
-1369.641081346895,0.18590000000000245
-1370.6876719324318,0.18600000000000247
-1371.7334750589107,0.18610000000000249
-1372.7784917414801,0.18620000000000247
-1373.822722993437,0.18630000000000246
-1374.8661698262295,0.18640000000000248
-1375.9088332494605,0.1865000000000025
-1376.950714270893,0.18660000000000249
-1377.991813896456,0.18670000000000248
-1379.0321331302462,0.1868000000000025
-1380.0716729745332,0.1869000000000025
-1381.1104344297642,0.1870000000000025
-1382.1484184945684,0.1871000000000025
-1383.1856261657613,0.1872000000000025
-1384.2220584383472,0.18730000000000252
-1385.2577163055264,0.1874000000000025
-1386.292600758697,0.1875000000000025
-1387.3267127874603,0.18760000000000251
-1388.3600533796252,0.18770000000000253
-1389.3926235212107,0.18780000000000252
-1390.4244241964523,0.1879000000000025
-1391.455456387806,0.18800000000000253
-1392.4857210759499,0.18810000000000254
-1393.515219239791,0.18820000000000253
-1394.5439518564685,0.18830000000000252
-1395.5719199013583,0.18840000000000254
-1396.599124348076,0.18850000000000255
-1397.6255661684816,0.18860000000000254
-1398.6512463326847,0.18870000000000253
-1399.6761658090468,0.18880000000000255
-1400.7003255641864,0.18890000000000257
-1401.7237265629828,0.18900000000000255
-1402.74636976858,0.18910000000000254
-1403.7682561423921,0.18920000000000256
-1404.789386644104,0.18930000000000258
-1405.8097622316793,0.18940000000000257
-1406.8293838613617,0.18950000000000256
-1407.8482524876808,0.18960000000000257
-1408.8663690634537,0.1897000000000026
-1409.8837345397915,0.18980000000000258
-1410.9003498661014,0.18990000000000257
-1411.9162159900923,0.19000000000000258
-1412.9313338577774,0.1901000000000026
-1413.9457044134774,0.1902000000000026
-1414.959328599828,0.19030000000000258
-1415.9722073577793,0.1904000000000026
-1416.9843416266026,0.1905000000000026
-1417.9957323438928,0.1906000000000026
-1419.0063804455733,0.1907000000000026
-1420.0162868659004,0.1908000000000026
-1421.0254525374646,0.19090000000000262
-1422.0338783911968,0.1910000000000026
-1423.041565356371,0.1911000000000026
-1424.0485143606095,0.19120000000000262
-1425.0547263298845,0.19130000000000263
-1426.060202188523,0.19140000000000262
-1427.0649428592114,0.1915000000000026
-1428.0689492629986,0.19160000000000263
-1429.0722223192988,0.19170000000000265
-1430.0747629458965,0.19180000000000264
-1431.0765720589504,0.19190000000000262
-1432.077650572996,0.19200000000000264
-1433.07799940095,0.19210000000000266
-1434.0776194541136,0.19220000000000265
-1435.076511642177,0.19230000000000264
-1436.0746768732229,0.19240000000000265
-1437.072116053729,0.19250000000000267
-1438.0688300885727,0.19260000000000266
-1439.064819881035,0.19270000000000265
-1440.0600863328036,0.19280000000000266
-1441.054630343977,0.19290000000000268
-1442.0484528130664,0.19300000000000267
-1443.0415546370023,0.19310000000000266
-1444.0339367111364,0.19320000000000268
-1445.025599929244,0.1933000000000027
-1446.0165451835296,0.19340000000000268
-1447.0067733646301,0.19350000000000267
-1447.996285361618,0.1936000000000027
-1448.985082062005,0.1937000000000027
-1449.9731643517441,0.1938000000000027
-1450.9605331152366,0.19390000000000268
-1451.9471892353326,0.1940000000000027
-1452.9331335933357,0.19410000000000271
-1453.9183670690056,0.1942000000000027
-1454.9028905405632,0.1943000000000027
-1455.8867048846932,0.1944000000000027
-1456.8698109765473,0.19450000000000273
-1457.8522096897468,0.19460000000000272
-1458.8339018963893,0.1947000000000027
-1459.8148884670486,0.19480000000000272
-1460.79517027078,0.19490000000000274
-1461.7747481751226,0.19500000000000273
-1462.7536230461048,0.19510000000000272
-1463.7317957482453,0.19520000000000273
-1464.7092671445575,0.19530000000000275
-1465.6860380965531,0.19540000000000274
-1466.6621094642458,0.19550000000000273
-1467.6374821061534,0.19560000000000274
-1468.6121568793023,0.19570000000000276
-1469.5861346392303,0.19580000000000275
-1470.55941623999,0.19590000000000274
-1471.5320025341534,0.19600000000000276
-1472.5038943728123,0.19610000000000277
-1473.475092605584,0.19620000000000276
-1474.4455980806151,0.19630000000000275
-1475.4154116445823,0.19640000000000277
-1476.384534142698,0.19650000000000278
-1477.3529664187117,0.19660000000000277
-1478.320709314915,0.19670000000000276
-1479.2877636721446,0.19680000000000278
-1480.254130329784,0.1969000000000028
-1481.2198101257675,0.19700000000000278
-1482.1848038965854,0.19710000000000277
-1483.1491124772842,0.1972000000000028
-1484.1127367014715,0.1973000000000028
-1485.0756774013184,0.1974000000000028
-1486.0379354075649,0.19750000000000278
-1486.9995115495194,0.1976000000000028
-1487.9604066550648,0.19770000000000282
-1488.9206215506606,0.1978000000000028
-1489.8801570613457,0.1979000000000028
-1490.839014010743,0.1980000000000028
-1491.7971932210617,0.19810000000000283
-1492.7546955130988,0.19820000000000282
-1493.7115217062446,0.1983000000000028
-1494.667672618486,0.19840000000000282
-1495.623149066407,0.19850000000000284
-1496.5779518651946,0.19860000000000283
-1497.5320818286398,0.19870000000000282
-1498.4855397691424,0.19880000000000284
-1499.4383264977128,0.19890000000000285
-1500.3904428239755,0.19900000000000284
-1501.341889556172,0.19910000000000283
-1502.2926675011654,0.19920000000000285
-1503.2427774644402,0.19930000000000286
-1504.1922202501087,0.19940000000000285
-1505.1409966609117,0.19950000000000284
-1506.0891074982233,0.19960000000000286
-1507.0365535620517,0.19970000000000288
-1507.9833356510444,0.19980000000000286
-1508.9294545624907,0.19990000000000285
-1509.8749110923238,0.20000000000000287
-1510.819706035124,0.2001000000000029
-1511.7638401841218,0.20020000000000288
-1512.7073143312023,0.20030000000000286
-1513.6501292669059,0.20040000000000288
-1514.5922857804317,0.2005000000000029
-1515.5337846596426,0.2006000000000029
-1516.4746266910647,0.20070000000000288
-1517.4148126598939,0.2008000000000029
-1518.3543433499963,0.2009000000000029
-1519.293219543911,0.2010000000000029
-1520.231442022855,0.2011000000000029
-1521.1690115667252,0.2012000000000029
-1522.1059289541,0.20130000000000292
-1523.0421949622432,0.2014000000000029
-1523.977810367108,0.2015000000000029
-1524.9127759433384,0.20160000000000292
-1525.8470924642716,0.20170000000000293
-1526.7807607019422,0.20180000000000292
-1527.7137814270845,0.2019000000000029
-1528.6461554091359,0.20200000000000293
-1529.5778834162381,0.20210000000000294
-1530.5089662152413,0.20220000000000293
-1531.4394045717072,0.20230000000000292
-1532.3691992499107,0.20240000000000294
-1533.2983510128438,0.20250000000000296
-1534.2268606222176,0.20260000000000294
-1535.1547288384647,0.20270000000000293
-1536.081956420744,0.20280000000000295
-1537.0085441269412,0.20290000000000297
-1537.934492713672,0.20300000000000296
-1538.8598029362865,0.20310000000000294
-1539.7844755488704,0.20320000000000296
-1540.7085113042472,0.20330000000000298
-1541.6319109539822,0.20340000000000297
-1542.5546752483856,0.20350000000000296
-1543.4768049365143,0.20360000000000297
-1544.3983007661736,0.203700000000003
-1545.3191634839213,0.20380000000000298
-1546.239393835072,0.20390000000000297
-1547.1589925636958,0.20400000000000298
-1548.077960412624,0.204100000000003
-1548.9962981234503,0.204200000000003
-1549.914006436535,0.20430000000000298
-1550.831086091006,0.204400000000003
-1551.7475378247627,0.204500000000003
-1552.6633623744772,0.204600000000003
-1553.5785604755984,0.204700000000003
-1554.4931328623543,0.204800000000003
-1555.4070802677543,0.20490000000000302
-1556.3204034235912,0.205000000000003
-1557.233103060445,0.205100000000003
-1558.1451799076858,0.20520000000000302
-1559.0566346934743,0.20530000000000304
-1559.967468144766,0.20540000000000302
-1560.8776809873139,0.205500000000003
-1561.7872739456707,0.20560000000000303
-1562.6962477431907,0.20570000000000305
-1563.6046031020333,0.20580000000000304
-1564.5123407431656,0.20590000000000303
-1565.4194613863647,0.20600000000000304
-1566.325965750219,0.20610000000000306
-1567.231854552132,0.20620000000000305
-1568.1371285083262,0.20630000000000304
-1569.041788333843,0.20640000000000305
-1569.9458347425466,0.20650000000000307
-1570.8492684471257,0.20660000000000306
-1571.7520901590965,0.20670000000000305
-1572.6543005888063,0.20680000000000306
-1573.5559004454346,0.20690000000000308
-1574.4568904369946,0.20700000000000307
-1575.357271270338,0.20710000000000306
-1576.2570436511573,0.20720000000000308
-1577.1562082839862,0.2073000000000031
-1578.0547658722026,0.20740000000000308
-1578.9527171180332,0.20750000000000307
-1579.8500627225542,0.2076000000000031
-1580.7468033856935,0.2077000000000031
-1581.6429398062332,0.2078000000000031
-1582.5384726818138,0.20790000000000308
-1583.4334027089344,0.2080000000000031
-1584.327730582956,0.20810000000000312
-1585.2214569981036,0.2082000000000031
-1586.1145826474692,0.2083000000000031
-1587.0071082230147,0.2084000000000031
-1587.8990344155718,0.20850000000000313
-1588.7903619148476,0.20860000000000312
-1589.6810914094242,0.2087000000000031
-1590.5712235867632,0.20880000000000312
-1591.4607591332065,0.20890000000000314
-1592.349698733979,0.20900000000000313
-1593.2380430731928,0.20910000000000312
-1594.125792833847,0.20920000000000313
-1595.0129486978303,0.20930000000000315
-1595.8995113459255,0.20940000000000314
-1596.7854814578088,0.20950000000000313
-1597.6708597120555,0.20960000000000314
-1598.5556467861393,0.20970000000000316
-1599.439843356436,0.20980000000000315
-1600.3234500982257,0.20990000000000314
-1601.206467685696,0.21000000000000316
-1602.0888967919418,0.21010000000000317
-1602.9707380889695,0.21020000000000316
-1603.8519922476996,0.21030000000000315
-1604.732659937968,0.21040000000000317
-1605.6127418285278,0.21050000000000318
-1606.492238587053,0.21060000000000317
-1607.3711508801398,0.21070000000000316
-1608.24947937331,0.21080000000000318
-1609.1272247310098,0.2109000000000032
-1610.004387616618,0.21100000000000319
-1610.880968692442,0.21110000000000317
-1611.7569686197244,0.2112000000000032
-1612.6323880586433,0.2113000000000032
-1613.507227668314,0.2114000000000032
-1614.3814881067933,0.21150000000000319
-1615.25517003108,0.2116000000000032
-1616.1282740971178,0.21170000000000322
-1617.000800959796,0.2118000000000032
-1617.8727512729552,0.2119000000000032
-1618.7441256893858,0.2120000000000032
-1619.6149248608313,0.21210000000000323
-1620.4851494379918,0.21220000000000322
-1621.3548000705246,0.2123000000000032
-1622.223877407047,0.21240000000000323
-1623.0923820951384,0.21250000000000324
-1623.960314781342,0.21260000000000323
-1624.8276761111683,0.21270000000000322
-1625.694466729096,0.21280000000000324
-1626.5606872785734,0.21290000000000325
-1627.4263384020223,0.21300000000000324
-1628.2914207408398,0.21310000000000323
-1629.1559349354,0.21320000000000325
-1630.019881625055,0.21330000000000326
-1630.8832614481387,0.21340000000000325
-1631.7460750419687,0.21350000000000324
-1632.608323042848,0.21360000000000326
-1633.4700060860664,0.21370000000000328
-1634.331124805904,0.21380000000000327
-1635.1916798356312,0.21390000000000325
-1636.0516718075146,0.21400000000000327
-1636.9111013528145,0.2141000000000033
-1637.7699691017892,0.21420000000000328
-1638.628275683698,0.21430000000000327
-1639.4860217268015,0.21440000000000328
-1640.3432078583646,0.2145000000000033
-1641.1998347046576,0.2146000000000033
-1642.0559028909595,0.21470000000000328
-1642.9114130415596,0.2148000000000033
-1643.7663657797589,0.2149000000000033
-1644.620761727872,0.2150000000000033
-1645.4746015072315,0.2151000000000033
-1646.3278857381863,0.2152000000000033
-1647.1806150401069,0.21530000000000332
-1648.032790031385,0.2154000000000033
-1648.8844113294372,0.2155000000000033
-1649.735479550706,0.21560000000000332
-1650.5859953106624,0.21570000000000333
-1651.4359592238068,0.21580000000000332
-1652.285371903672,0.2159000000000033
-1653.1342339628268,0.21600000000000333
-1653.9825460128725,0.21610000000000334
-1654.8303086644514,0.21620000000000333
-1655.6775225272445,0.21630000000000332
-1656.5241882099758,0.21640000000000334
-1657.3703063204116,0.21650000000000336
-1658.2158774653653,0.21660000000000335
-1659.0609022506974,0.21670000000000333
-1659.905381281319,0.21680000000000335
-1660.749315161192,0.21690000000000337
-1661.592704493332,0.21700000000000336
-1662.43554987981,0.21710000000000335
-1663.2778519217557,0.21720000000000336
-1664.119611219356,0.21730000000000338
-1664.9608283718603,0.21740000000000337
-1665.801503977581,0.21750000000000336
-1666.6416386338951,0.21760000000000337
-1667.4812329372476,0.2177000000000034
-1668.3202874831502,0.21780000000000338
-1669.1588028661874,0.21790000000000337
-1669.9967796800154,0.21800000000000339
-1670.8342185173644,0.2181000000000034
-1671.6711199700412,0.2182000000000034
-1672.5074846289308,0.21830000000000338
-1673.3433130839987,0.2184000000000034
-1674.1786059242916,0.2185000000000034
-1675.0133637379392,0.2186000000000034
-1675.8475871121586,0.2187000000000034
-1676.681276633253,0.2188000000000034
-1677.514432886615,0.21890000000000343
-1678.347056456728,0.21900000000000341
-1679.1791479271687,0.2191000000000034
-1680.0107078806095,0.21920000000000342
-1680.8417368988164,0.21930000000000344
-1681.6722355626569,0.21940000000000343
-1682.5022044520963,0.21950000000000341
-1683.3316441462036,0.21960000000000343
-1684.1605552231504,0.21970000000000345
-1684.988938260214,0.21980000000000344
-1685.816793833779,0.21990000000000343
-1686.6441225193403,0.22000000000000344
-1687.4709248915015,0.22010000000000346
-1688.29720152398,0.22020000000000345
-1689.1229529896086,0.22030000000000344
-1689.9481798603347,0.22040000000000345
-1690.7728827072242,0.22050000000000347
-1691.5970621004633,0.22060000000000346
-1692.4207186093586,0.22070000000000345
-1693.2438528023413,0.22080000000000347
-1694.066465246966,0.22090000000000348
-1694.8885565099154,0.22100000000000347
-1695.7101271569995,0.22110000000000346
-1696.5311777531601,0.22120000000000348
-1697.3517088624692,0.2213000000000035
-1698.1717210481331,0.22140000000000348
-1698.9912148724936,0.22150000000000347
-1699.8101908970298,0.2216000000000035
-1700.628649682359,0.2217000000000035
-1701.4465917882394,0.2218000000000035
-1702.2640177735711,0.22190000000000348
-1703.0809281963986,0.2220000000000035
-1703.8973236139122,0.22210000000000352
-1704.7132045824478,0.2222000000000035
-1705.5285716574922,0.2223000000000035
-1706.3434253936825,0.2224000000000035
-1707.157766344808,0.22250000000000353
-1707.9715950638104,0.22260000000000352
-1708.7849121027903,0.2227000000000035
-1709.597718013003,0.22280000000000352
-1710.4100133448642,0.22290000000000354
-1711.221798647949,0.22300000000000353
-1712.0330744709968,0.22310000000000352
-1712.8438413619094,0.22320000000000353
-1713.6540998677551,0.22330000000000355
-1714.4638505347682,0.22340000000000354
-1715.2730939083535,0.22350000000000353
-1716.0818305330858,0.22360000000000355
-1716.8900609527118,0.22370000000000356
-1717.6977857101524,0.22380000000000355
-1718.5050053475031,0.22390000000000354
-1719.3117204060381,0.22400000000000356
-1720.117931426209,0.22410000000000357
-1720.9236389476478,0.22420000000000356
-1721.7288435091682,0.22430000000000355
-1722.5335456487687,0.22440000000000357
-1723.337745903632,0.22450000000000359
-1724.1414448101266,0.22460000000000357
-1724.9446429038107,0.22470000000000356
-1725.7473407194327,0.22480000000000358
-1726.5495387909305,0.2249000000000036
-1727.3512376514368,0.22500000000000359
-1728.1524378332783,0.2251000000000036
-1728.9531398679778,0.2252000000000036
-1729.753344286256,0.22530000000000358
-1730.5530516180334,0.2254000000000036
-1731.3522623924307,0.22550000000000361
-1732.150977137771,0.2256000000000036
-1732.9491963815822,0.2257000000000036
-1733.7469206505973,0.2258000000000036
-1734.5441504707562,0.22590000000000363
-1735.340886367208,0.22600000000000361
-1736.137128864311,0.2261000000000036
-1736.9328784856366,0.22620000000000362
-1737.728135753969,0.22630000000000364
-1738.5229011913061,0.22640000000000363
-1739.317175318863,0.22650000000000362
-1740.1109586570738,0.22660000000000363
-1740.9042517255898,0.22670000000000365
-1741.6970550432843,0.22680000000000364
-1742.4893691282534,0.22690000000000363
-1743.281194497816,0.22700000000000364
-1744.072531668517,0.22710000000000366
-1744.8633811561283,0.22720000000000365
-1745.6537434756501,0.22730000000000364
-1746.4436191413129,0.22740000000000365
-1747.233008666577,0.22750000000000367
-1748.021912564138,0.22760000000000366
-1748.8103313459233,0.22770000000000365
-1749.5982655230982,0.22780000000000367
-1750.3857156060644,0.22790000000000368
-1751.1726821044617,0.22800000000000367
-1751.959165527172,0.22810000000000366
-1752.7451663823172,0.22820000000000368
-1753.530685177263,0.2283000000000037
-1754.3157224186195,0.22840000000000368
-1755.100278612243,0.22850000000000367
-1755.884354263238,0.2286000000000037
-1756.6679498759577,0.2287000000000037
-1757.4510659540038,0.2288000000000037
-1758.2337030002327,0.22890000000000368
-1759.0158615167531,0.2290000000000037
-1759.797542004928,0.22910000000000372
-1760.5787449653758,0.2292000000000037
-1761.3594708979745,0.2293000000000037
-1762.1397203018603,0.2294000000000037
-1762.9194936754288,0.22950000000000373
-1763.698791516339,0.22960000000000372
-1764.4776143215117,0.2297000000000037
-1765.2559625871347,0.22980000000000372
-1766.033836808659,0.22990000000000374
-1766.8112374808047,0.23000000000000373
-1767.5881650975607,0.23010000000000372
-1768.3646201521867,0.23020000000000373
-1769.1406031372126,0.23030000000000375
-1769.9161145444423,0.23040000000000374
-1770.6911548649541,0.23050000000000373
-1771.4657245891028,0.23060000000000375
-1772.2398242065194,0.23070000000000376
-1773.0134542061132,0.23080000000000375
-1773.7866150760753,0.23090000000000374
-1774.5593073038763,0.23100000000000376
-1775.331531376271,0.23110000000000377
-1776.1032877792966,0.23120000000000376
-1776.874576998277,0.23130000000000375
-1777.6453995178233,0.23140000000000377
-1778.4157558218335,0.23150000000000379
-1779.1856463934957,0.23160000000000378
-1779.955071715289,0.23170000000000376
-1780.7240322689847,0.23180000000000378
-1781.4925285356476,0.2319000000000038
-1782.260560995637,0.2320000000000038
-1783.0281301286093,0.23210000000000378
-1783.7952364135176,0.2322000000000038
-1784.5618803286147,0.2323000000000038
-1785.3280623514527,0.2324000000000038
-1786.0937829588856,0.2325000000000038
-1786.8590426270716,0.2326000000000038
-1787.6238418314706,0.23270000000000382
-1788.3881810468501,0.2328000000000038
-1789.1520607472833,0.2329000000000038
-1789.9154814061524,0.23300000000000382
-1790.6784434961478,0.23310000000000383
-1791.4409474892718,0.23320000000000382
-1792.202993856838,0.2333000000000038
-1792.964583069474,0.23340000000000383
-1793.7257155971213,0.23350000000000384
-1794.486391909038,0.23360000000000383
-1795.246612473799,0.23370000000000382
-1796.0063777592977,0.23380000000000384
-1796.7656882327474,0.23390000000000385
-1797.5245443606823,0.23400000000000384
-1798.2829466089593,0.23410000000000383
-1799.0408954427587,0.23420000000000385
-1799.798391326586,0.23430000000000387
-1800.555434724271,0.23440000000000386
-1801.3120260989738,0.23450000000000384
-1802.0681659131815,0.23460000000000386
-1802.8238546287112,0.23470000000000388
-1803.579092706711,0.23480000000000387
-1804.3338806076624,0.23490000000000386
-1805.0882187913799,0.23500000000000387
-1805.8421077170128,0.2351000000000039
-1806.595547843047,0.23520000000000388
-1807.3485396273054,0.23530000000000387
-1808.1010835269503,0.23540000000000388
-1808.8531799984828,0.2355000000000039
-1809.6048294977459,0.2356000000000039
-1810.3560324799246,0.23570000000000388
-1811.1067893995482,0.2358000000000039
-1811.8571007104897,0.2359000000000039
-1812.606966865969,0.2360000000000039
-1813.3563883185525,0.2361000000000039
-1814.1053655201563,0.2362000000000039
-1814.8538989220451,0.23630000000000392
-1815.6019889748343,0.2364000000000039
-1816.349636128492,0.2365000000000039
-1817.09684083234,0.23660000000000392
-1817.843603535054,0.23670000000000394
-1818.5899246846643,0.23680000000000392
-1819.335804728561,0.2369000000000039
-1820.0812441134894,0.23700000000000393
-1820.8262432855563,0.23710000000000395
-1821.5708026902266,0.23720000000000394
-1822.3149227723293,0.23730000000000392
-1823.058603976055,0.23740000000000394
-1823.8018467449583,0.23750000000000396
-1824.5446515219592,0.23760000000000395
-1825.2870187493434,0.23770000000000394
-1826.0289488687663,0.23780000000000395
-1826.7704423212494,0.23790000000000397
-1827.5114995471854,0.23800000000000396
-1828.2521209863378,0.23810000000000395
-1828.9923070778427,0.23820000000000396
-1829.7320582602097,0.23830000000000398
-1830.4713749713212,0.23840000000000397
-1831.2102576484374,0.23850000000000396
-1831.948706728195,0.23860000000000398
-1832.6867226466072,0.238700000000004
-1833.424305839068,0.23880000000000398
-1834.1614567403503,0.23890000000000397
-1834.89817578461,0.239000000000004
-1835.6344634053844,0.239100000000004
-1836.3703200355944,0.239200000000004
-1837.1057461075466,0.23930000000000398
-1837.8407420529325,0.239400000000004
-1838.5753083028314,0.23950000000000402
-1839.3094452877112,0.239600000000004
-1840.0431534374281,0.239700000000004
-1840.776433181229,0.239800000000004
-1841.5092849477528,0.23990000000000403
-1842.241709165031,0.24000000000000402
-1842.9737062604886,0.240100000000004
-1843.7052766609459,0.24020000000000402
-1844.436420792619,0.24030000000000404
-1845.1671390811207,0.24040000000000403
-1845.8974319514627,0.24050000000000402
-1846.6272998280565,0.24060000000000403
-1847.356743134712,0.24070000000000405
-1848.0857622946428,0.24080000000000404
-1848.8143577304638,0.24090000000000403
-1849.5425298641944,0.24100000000000404
-1850.2702791172585,0.24110000000000406
-1850.9976059104854,0.24120000000000405
-1851.7245106641117,0.24130000000000404
-1852.450993797783,0.24140000000000406
-1853.1770557305526,0.24150000000000407
-1853.902696880884,0.24160000000000406
-1854.627917666653,0.24170000000000405
-1855.3527185051475,0.24180000000000407
-1856.0770998130683,0.24190000000000408
-1856.801062006531,0.24200000000000407
-1857.5246055010668,0.24210000000000406
-1858.2477307116233,0.24220000000000408
-1858.9704380525664,0.2423000000000041
-1859.6927279376791,0.24240000000000408
-1860.4146007801655,0.24250000000000407
-1861.1360569926512,0.2426000000000041
-1861.857096987182,0.2427000000000041
-1862.5777211752277,0.2428000000000041
-1863.2979299676815,0.24290000000000408
-1864.0177237748626,0.2430000000000041
-1864.737103006515,0.24310000000000412
-1865.45606807181,0.2432000000000041
-1866.1746193793479,0.2433000000000041
-1866.8927573371575,0.2434000000000041
-1867.6104823526982,0.24350000000000413
-1868.32779483286,0.24360000000000412
-1869.0446951839656,0.2437000000000041
-1869.7611838117712,0.24380000000000412
-1870.4772611214667,0.24390000000000414
-1871.1929275176774,0.24400000000000413
-1871.9081834044657,0.24410000000000412
-1872.6230291853306,0.24420000000000414
-1873.3374652632097,0.24430000000000415
-1874.0514920404794,0.24440000000000414
-1874.765109918958,0.24450000000000413
-1875.478319299904,0.24460000000000415
-1876.1911205840186,0.24470000000000416
-1876.9035141714453,0.24480000000000415
-1877.6155004617744,0.24490000000000414
-1878.3270798540398,0.24500000000000416
-1879.0382527467223,0.24510000000000418
-1879.7490195377495,0.24520000000000416
-1880.4593806244984,0.24530000000000415
-1881.1693364037951,0.24540000000000417
-1881.8788872719158,0.2455000000000042
-1882.5880336245875,0.24560000000000418
-1883.2967758569907,0.24570000000000417
-1884.0051143637586,0.24580000000000418
-1884.7130495389786,0.2459000000000042
-1885.420581776193,0.2460000000000042
-1886.1277114684015,0.24610000000000418
-1886.83443900806,0.2462000000000042
-1887.540764787083,0.2463000000000042
-1888.2466891968436,0.2464000000000042
-1888.9522126281756,0.2465000000000042
-1889.6573354713746,0.2466000000000042
-1890.3620581161963,0.24670000000000422
-1891.06638095186,0.2468000000000042
-1891.770304367051,0.2469000000000042
-1892.4738287499167,0.24700000000000422
-1893.1769544880722,0.24710000000000423
-1893.8796819685979,0.24720000000000422
-1894.5820115780432,0.2473000000000042
-1895.2839437024263,0.24740000000000423
-1895.9854787272343,0.24750000000000424
-1896.6866170374246,0.24760000000000423
-1897.3873590174271,0.24770000000000422
-1898.0877050511442,0.24780000000000424
-1898.7876555219505,0.24790000000000426
-1899.487210812696,0.24800000000000424
-1900.186371305706,0.24810000000000423
-1900.8851373827813,0.24820000000000425
-1901.5835094252002,0.24830000000000427
-1902.2814878137192,0.24840000000000426
-1902.9790729285733,0.24850000000000425
-1903.6762651494785,0.24860000000000426
-1904.3730648556307,0.24870000000000428
-1905.069472425707,0.24880000000000427
-1905.7654882378683,0.24890000000000426
-1906.4611126697594,0.24900000000000427
-1907.1563460985078,0.2491000000000043
-1907.8511889007277,0.24920000000000428
-1908.5456414525197,0.24930000000000427
-1909.2397041294712,0.24940000000000428
-1909.9333773066571,0.2495000000000043
-1910.626661358643,0.2496000000000043
-1911.3195566594827,0.24970000000000428
-1912.012063582722,0.2498000000000043
-1912.7041825013978,0.2499000000000043
-1913.3959137880393,0.25000000000000433
-1914.0872578146702,0.2501000000000043
-1914.7782149528077,0.2502000000000043
-1915.4687855734646,0.2503000000000043
-1916.1589700471502,0.2504000000000043
-1916.8487687438706,0.2505000000000043
-1917.53818203313,0.2506000000000043
-1918.2272102839306,0.25070000000000436
-1918.9158538647748,0.25080000000000435
-1919.6041131436664,0.25090000000000434
-1920.2919884881092,0.25100000000000433
-1920.9794802651104,0.2511000000000043
-1921.6665888411799,0.2512000000000043
-1922.3533145823324,0.2513000000000043
-1923.0396578540863,0.25140000000000434
-1923.7256190214669,0.2515000000000044
-1924.411198449005,0.2516000000000044
-1925.0963965007402,0.25170000000000436
-1925.78121354022,0.25180000000000435
-1926.4656499305004,0.25190000000000434
-1927.149706034149,0.25200000000000433
-1927.833382213243,0.2521000000000043
-1928.5166788293723,0.25220000000000437
-1929.1995962436392,0.2523000000000044
-1929.882134816659,0.2524000000000044
-1930.5642949085614,0.2525000000000044
-1931.2460768789924,0.2526000000000044
-1931.9274810871132,0.25270000000000437
-1932.608507891602,0.25280000000000435
-1933.2891576506547,0.25290000000000434
-1933.969430721986,0.2530000000000044
-1934.6493274628301,0.25310000000000443
-1935.3288482299404,0.2532000000000044
-1936.0079933795928,0.2533000000000044
-1936.6867632675837,0.2534000000000044
-1937.365158249234,0.2535000000000044
-1938.0431786793865,0.2536000000000044
-1938.7208249124096,0.25370000000000437
-1939.398097302197,0.2538000000000044
-1940.0749962021664,0.25390000000000446
-1940.7515219652641,0.25400000000000444
-1941.4276749439641,0.25410000000000443
-1942.103455490269,0.2542000000000044
-1942.7788639557098,0.2543000000000044
-1943.4539006913483,0.2544000000000044
-1944.1285660477768,0.2545000000000044
-1944.8028603751204,0.25460000000000443
-1945.4767840230352,0.2547000000000045
-1946.1503373407115,0.25480000000000447
-1946.8235206768745,0.25490000000000446
-1947.4963343797826,0.25500000000000445
-1948.1687787972319,0.25510000000000443
-1948.8408542765533,0.2552000000000044
-1949.5125611646167,0.2553000000000044
-1950.1838998078301,0.25540000000000446
-1950.8548705521384,0.2555000000000045
-1951.5254737430278,0.2556000000000045
-1952.1957097255258,0.2557000000000045
-1952.8655788441997,0.25580000000000447
-1953.53508144316,0.25590000000000446
-1954.2042178660595,0.25600000000000445
-1954.8729884560953,0.25610000000000444
-1955.5413935560086,0.2562000000000045
-1956.2094335080865,0.2563000000000045
-1956.87710865416,0.2564000000000045
-1957.5444193356095,0.2565000000000045
-1958.2113658933622,0.2566000000000045
-1958.877948667893,0.2567000000000045
-1959.544167999227,0.25680000000000447
-1960.2100242269385,0.25690000000000446
-1960.8755176901532,0.2570000000000045
-1961.5406487275477,0.25710000000000455
-1962.2054176773497,0.25720000000000454
-1962.8698248773426,0.2573000000000045
-1963.5338706648613,0.2574000000000045
-1964.1975553767966,0.2575000000000045
-1964.8608793495937,0.2576000000000045
-1965.5238429192545,0.2577000000000045
-1966.1864464213377,0.2578000000000045
-1966.8486901909585,0.25790000000000457
-1967.5105745627911,0.25800000000000456
-1968.1720998710698,0.25810000000000455
-1968.8332664495872,0.25820000000000454
-1969.4940746316975,0.2583000000000045
-1970.1545247503154,0.2584000000000045
-1970.8146171379185,0.2585000000000045
-1971.4743521265466,0.25860000000000455
-1972.1337300478035,0.2587000000000046
-1972.7927512328565,0.2588000000000046
-1973.4514160124388,0.25890000000000457
-1974.109724716849,0.25900000000000456
-1974.7676776759527,0.25910000000000455
-1975.4252752191824,0.25920000000000454
-1976.0825176755377,0.2593000000000045
-1976.7394053735893,0.25940000000000457
-1977.395938641475,0.2595000000000046
-1978.052117806903,0.2596000000000046
-1978.7079431971536,0.2597000000000046
-1979.363415139078,0.2598000000000046
-1980.0185339591008,0.25990000000000457
-1980.673299983218,0.26000000000000456
-1981.3277135370004,0.26010000000000455
-1981.9817749455933,0.2602000000000046
-1982.6354845337173,0.26030000000000464
-1983.2888426256684,0.26040000000000463
-1983.9418495453199,0.2605000000000046
-1984.5945056161222,0.2606000000000046
-1985.2468111611033,0.2607000000000046
-1985.8987665028721,0.2608000000000046
-1986.5503719636147,0.2609000000000046
-1987.2016278650985,0.2610000000000046
-1987.8525345286714,0.26110000000000466
-1988.503092275263,0.26120000000000465
-1989.153301425386,0.26130000000000464
-1989.8031622991357,0.26140000000000463
-1990.45267521619,0.2615000000000046
-1991.101840495814,0.2616000000000046
-1991.7506584568553,0.2617000000000046
-1992.3991294177492,0.26180000000000464
-1993.0472536965158,0.2619000000000047
-1993.695031610764,0.2620000000000047
-1994.34246347769,0.26210000000000466
-1994.9895496140784,0.26220000000000465
-1995.636290336304,0.26230000000000464
-1996.2826859603306,0.26240000000000463
-1996.928736801713,0.2625000000000046
-1997.5744431755984,0.26260000000000466
-1998.219805396725,0.2627000000000047
-1998.864823779423,0.2628000000000047
-1999.5094986376175,0.2629000000000047
-2000.1538302848276,0.2630000000000047
-2000.7978190341664,0.26310000000000466
-2001.4414651983436,0.26320000000000465
-2002.0847690896635,0.26330000000000464
-2002.7277310200288,0.2634000000000047
-2003.370351300939,0.26350000000000473
-2004.012630243491,0.2636000000000047
-2004.6545681583816,0.2637000000000047
-2005.2961653559073,0.2638000000000047
-2005.9374221459639,0.2639000000000047
-2006.578338838048,0.2640000000000047
-2007.218915741259,0.26410000000000466
-2007.8591531642976,0.2642000000000047
-2008.499051415467,0.26430000000000475
-2009.1386108026743,0.26440000000000474
-2009.7778316334307,0.26450000000000473
-2010.4167142148517,0.2646000000000047
-2011.0552588536596,0.2647000000000047
-2011.693465856182,0.2648000000000047
-2012.331335528353,0.2649000000000047
-2012.968868175715,0.26500000000000473
-2013.6060641034173,0.2651000000000048
-2014.2429236162188,0.26520000000000477
-2014.8794470184878,0.26530000000000475
-2015.5156346142016,0.26540000000000474
-2016.1514867069495,0.26550000000000473
-2016.7870035999322,0.2656000000000047
-2017.4221855959609,0.2657000000000047
-2018.0570329974614,0.26580000000000475
-2018.6915461064705,0.2659000000000048
-2019.32572522464,0.2660000000000048
-2019.9595706532368,0.2661000000000048
-2020.5930826931426,0.26620000000000477
-2021.2262616448547,0.26630000000000476
-2021.859107808486,0.26640000000000474
-2022.491621483768,0.26650000000000473
-2023.12380297005,0.2666000000000048
-2023.7556525662978,0.2667000000000048
-2024.3871705710978,0.2668000000000048
-2025.018357282655,0.2669000000000048
-2025.649212998795,0.2670000000000048
-2026.279738016965,0.2671000000000048
-2026.9099326342327,0.26720000000000477
-2027.539797147288,0.26730000000000476
-2028.1693318524444,0.2674000000000048
-2028.7985370456372,0.26750000000000485
-2029.4274130224262,0.26760000000000483
-2030.0559600779973,0.2677000000000048
-2030.684178507159,0.2678000000000048
-2031.3120686043476,0.2679000000000048
-2031.9396306636256,0.2680000000000048
-2032.5668649786815,0.2681000000000048
-2033.1937718428326,0.2682000000000048
-2033.8203515490231,0.26830000000000487
-2034.4466043898278,0.26840000000000486
-2035.072530657449,0.26850000000000485
-2035.698130643721,0.26860000000000483
-2036.3234046401078,0.2687000000000048
-2036.9483529377044,0.2688000000000048
-2037.5729758272382,0.2689000000000048
-2038.1972735990698,0.26900000000000485
-2038.8212465431911,0.2691000000000049
-2039.4448949492291,0.2692000000000049
-2040.0682191064443,0.26930000000000487
-2040.6912193037333,0.26940000000000486
-2041.3138958296267,0.26950000000000485
-2041.936248972292,0.26960000000000484
-2042.5582790195335,0.2697000000000048
-2043.1799862587925,0.26980000000000487
-2043.8013709771483,0.2699000000000049
-2044.4224334613177,0.2700000000000049
-2045.043173997658,0.2701000000000049
-2045.6635928721653,0.2702000000000049
-2046.283690370476,0.27030000000000487
-2046.903466777868,0.27040000000000486
-2047.5229223792596,0.27050000000000485
-2048.1420574592116,0.2706000000000049
-2048.760872301928,0.27070000000000494
-2049.379367191253,0.2708000000000049
-2049.997542410678,0.2709000000000049
-2050.615398243338,0.2710000000000049
-2051.2329349720103,0.2711000000000049
-2051.850152879122,0.2712000000000049
-2052.4670522467422,0.27130000000000487
-2053.0836333565894,0.2714000000000049
-2053.6998964900267,0.27150000000000496
-2054.3158419280667,0.27160000000000495
-2054.9314699513698,0.27170000000000494
-2055.5467808402454,0.2718000000000049
-2056.161774874653,0.2719000000000049
-2056.776452334201,0.2720000000000049
-2057.3908134981484,0.2721000000000049
-2058.004858645407,0.27220000000000494
-2058.618588054537,0.272300000000005
-2059.2320020037546,0.27240000000000497
-2059.8451007709264,0.27250000000000496
-2060.457884633574,0.27260000000000495
-2061.070353868871,0.27270000000000494
-2061.682508753647,0.2728000000000049
-2062.2943495643867,0.2729000000000049
-2062.9058765772297,0.27300000000000496
-2063.5170900679723,0.273100000000005
-2064.1279903120667,0.273200000000005
-2064.7385775846237,0.273300000000005
-2065.348852160411,0.273400000000005
-2065.9588143138544,0.27350000000000496
-2066.56846431904,0.27360000000000495
-2067.1778024497116,0.27370000000000494
-2067.786828979275,0.273800000000005
-2068.3955441807952,0.27390000000000503
-2069.0039483269984,0.274000000000005
-2069.612041690273,0.274100000000005
-2070.219824542669,0.274200000000005
-2070.8272971558995,0.274300000000005
-2071.4344598013413,0.274400000000005
-2072.0413127500346,0.27450000000000496
-2072.6478562726843,0.274600000000005
-2073.254090639659,0.27470000000000505
-2073.860016120994,0.27480000000000504
-2074.46563298639,0.27490000000000503
-2075.070941505215,0.275000000000005
-2075.6759419465034,0.275100000000005
-2076.280634578957,0.275200000000005
-2076.8850196709463,0.275300000000005
-2077.48909749051,0.27540000000000503
-2078.092868305356,0.2755000000000051
-2078.6963323828622,0.27560000000000506
-2079.299489990076,0.27570000000000505
-2079.9023413937166,0.27580000000000504
-2080.504886860174,0.27590000000000503
-2081.107126655509,0.276000000000005
-2081.709061045457,0.276100000000005
-2082.310690295425,0.27620000000000505
-2082.912014670492,0.2763000000000051
-2083.5130344354134,0.2764000000000051
-2084.113749854617,0.2765000000000051
-2084.7141611922066,0.27660000000000506
-2085.314268711961,0.27670000000000505
-2085.9140726773358,0.27680000000000504
-2086.5135733514617,0.27690000000000503
-2087.112770997148,0.2770000000000051
-2087.711665876879,0.2771000000000051
-2088.31025825282,0.2772000000000051
-2088.908548386813,0.2773000000000051
-2089.5065365403793,0.2774000000000051
-2090.10422297472,0.2775000000000051
-2090.701607950716,0.27760000000000506
-2091.298691728929,0.27770000000000505
-2091.895474569603,0.2778000000000051
-2092.49195673266,0.27790000000000514
-2093.0881384777076,0.27800000000000513
-2093.6840200640345,0.2781000000000051
-2094.2796017506125,0.2782000000000051
-2094.874883796097,0.2783000000000051
-2095.469866458828,0.2784000000000051
-2096.0645499968296,0.2785000000000051
-2096.658934667812,0.2786000000000051
-2097.253020729169,0.27870000000000517
-2097.846808437981,0.27880000000000515
-2098.4402980510163,0.27890000000000514
-2099.0334898247293,0.27900000000000513
-2099.626384015262,0.2791000000000051
-2100.218980878445,0.2792000000000051
-2100.8112806697964,0.2793000000000051
-2101.403283644525,0.27940000000000514
-2101.994990057527,0.2795000000000052
-2102.58640016339,0.2796000000000052
-2103.1775142163906,0.27970000000000517
-2103.7683324704994,0.27980000000000516
-2104.3588551793755,0.27990000000000514
-2104.949082596371,0.28000000000000513
-2105.5390149745313,0.2801000000000051
-2106.1286525665932,0.28020000000000517
-2106.7179956249875,0.2803000000000052
-2107.3070444018394,0.2804000000000052
-2107.8957991489674,0.2805000000000052
-2108.484260117886,0.2806000000000052
-2109.0724275598045,0.28070000000000517
-2109.6603017256275,0.28080000000000516
-2110.2478828659564,0.28090000000000515
-2110.8351712310905,0.2810000000000052
-2111.422167071024,0.28110000000000523
-2112.00887063545,0.2812000000000052
-2112.59528217376,0.2813000000000052
-2113.181401935043,0.2814000000000052
-2113.7672301680896,0.2815000000000052
-2114.352767121387,0.2816000000000052
-2114.9380130431236,0.28170000000000517
-2115.52296818119,0.2818000000000052
-2116.107632783175,0.28190000000000526
-2116.6920070963706,0.28200000000000525
-2117.2760913677703,0.28210000000000524
-2117.85988584407,0.2822000000000052
-2118.4433907716675,0.2823000000000052
-2119.0266063966665,0.2824000000000052
-2119.6095329648715,0.2825000000000052
-2120.1921707217934,0.28260000000000524
-2120.774519912646,0.2827000000000053
-2121.35658078235,0.28280000000000527
-2121.9383535755305,0.28290000000000526
-2122.5198385365193,0.28300000000000525
-2123.101035909354,0.28310000000000524
-2123.6819459377803,0.2832000000000052
-2124.26256886525,0.2833000000000052
-2124.842904934925,0.28340000000000526
-2125.4229543896727,0.2835000000000053
-2126.0027174720713,0.2836000000000053
-2126.5821944244067,0.2837000000000053
-2127.1613854886764,0.28380000000000527
-2127.740290906587,0.28390000000000526
-2128.3189109195555,0.28400000000000525
-2128.8972457687105,0.28410000000000524
-2129.4752956948914,0.2842000000000053
-2130.0530609386506,0.2843000000000053
-2130.630541740252,0.2844000000000053
-2131.207738339672,0.2845000000000053
-2131.784650976602,0.2846000000000053
-2132.3612798904446,0.2847000000000053
-2132.937625320319,0.28480000000000527
-2133.5136875050584,0.28490000000000526
-2134.089466683209,0.2850000000000053
-2134.6649630930365,0.28510000000000535
-2135.240176972518,0.28520000000000534
-2135.8151085593495,0.2853000000000053
-2136.389758090944,0.2854000000000053
-2136.9641258044308,0.2855000000000053
-2137.538211936657,0.2856000000000053
-2138.112016724189,0.2857000000000053
-2138.6855404033095,0.2858000000000053
-2139.2587832100226,0.28590000000000537
-2139.831745380049,0.28600000000000536
-2140.404427148833,0.28610000000000535
-2140.9768287515353,0.28620000000000534
-2141.54895042304,0.28630000000000533
-2142.120792397951,0.2864000000000053
-2142.6923549105936,0.2865000000000053
-2143.2636381950174,0.28660000000000535
-2143.8346424849915,0.2867000000000054
-2144.4053680140078,0.2868000000000054
-2144.9758150152848,0.2869000000000054
-2145.5459837217613,0.28700000000000536
-2146.1158743661013,0.28710000000000535
-2146.6854871806936,0.28720000000000534
-2147.254822397653,0.28730000000000533
-2147.823880248817,0.2874000000000054
-2148.392660965751,0.2875000000000054
-2148.9611647797465,0.2876000000000054
-2149.5293919218198,0.2877000000000054
-2150.0973426227165,0.2878000000000054
-2150.6650171129086,0.2879000000000054
-2151.2324156225964,0.28800000000000536
-2151.799538381708,0.28810000000000535
-2152.366385619901,0.2882000000000054
-2152.932957566561,0.28830000000000544
-2153.4992544508036,0.28840000000000543
-2154.0652765014747,0.2885000000000054
-2154.6310239471504,0.2886000000000054
-2155.196497016138,0.2887000000000054
-2155.761695936475,0.2888000000000054
-2156.326620935931,0.2889000000000054
-2156.891272242008,0.2890000000000054
-2157.455650081941,0.28910000000000546
-2158.0197546826944,0.28920000000000545
-2158.58358627097,0.28930000000000544
-2159.1471450732015,0.28940000000000543
-2159.710431315556,0.2895000000000054
-2160.2734452239365,0.2896000000000054
-2160.8361870239805,0.2897000000000054
-2161.398656941059,0.28980000000000544
-2161.960855200281,0.2899000000000055
-2162.52278202649,0.2900000000000055
-2163.0844376442665,0.29010000000000546
-2163.645822277928,0.29020000000000545
-2164.2069361515287,0.29030000000000544
-2164.767779488862,0.29040000000000543
-2165.3283525134566,0.2905000000000054
-2165.888655448583,0.29060000000000547
-2166.448688517248,0.2907000000000055
-2167.008451942197,0.2908000000000055
-2167.567945945919,0.2909000000000055
-2168.1271707506385,0.2910000000000055
-2168.6861265783227,0.29110000000000547
-2169.24481365068,0.29120000000000545
-2169.8032321891596,0.29130000000000544
-2170.3613824149506,0.2914000000000055
-2170.919264548987,0.29150000000000553
-2171.476878811942,0.2916000000000055
-2172.034225424234,0.2917000000000055
-2172.591304606024,0.2918000000000055
-2173.1481165772166,0.2919000000000055
-2173.7046615574586,0.2920000000000055
-2174.2609397661436,0.29210000000000547
-2174.8169514224087,0.2922000000000055
-2175.372696745136,0.29230000000000556
-2175.9281759529536,0.29240000000000554
-2176.483389264234,0.29250000000000553
-2177.038336897098,0.2926000000000055
-2177.5930190694116,0.2927000000000055
-2178.1474359987883,0.2928000000000055
-2178.701587902589,0.2929000000000055
-2179.2554749979226,0.29300000000000553
-2179.809097501645,0.2931000000000056
-2180.3624556303603,0.29320000000000557
-2180.915549600425,0.29330000000000556
-2181.4683796279405,0.29340000000000555
-2182.0209459287607,0.29350000000000553
-2182.573248718488,0.2936000000000055
-2183.1252882124754,0.2937000000000055
-2183.6770646258283,0.29380000000000556
-2184.228578173401,0.2939000000000056
-2184.7798290697992,0.2940000000000056
-2185.330817529383,0.2941000000000056
-2185.881543766262,0.29420000000000557
-2186.432007994301,0.29430000000000556
-2186.982210427115,0.29440000000000555
-2187.532151278075,0.29450000000000554
-2188.081830760304,0.2946000000000056
-2188.6312490866794,0.2947000000000056
-2189.1804064698326,0.2948000000000056
-2189.7293031221516,0.2949000000000056
-2190.2779392557786,0.2950000000000056
-2190.8263150826097,0.2951000000000056
-2191.3744308143,0.29520000000000557
-2191.9222866622586,0.29530000000000556
-2192.469882837652,0.2954000000000056
-2193.0172195514033,0.29550000000000565
-2193.5642970141944,0.29560000000000564
-2194.1111154364626,0.2957000000000056
-2194.657675028405,0.2958000000000056
-2195.203975999977,0.2959000000000056
-2195.7500185608924,0.2960000000000056
-2196.2958029206243,0.2961000000000056
-2196.841329288406,0.2962000000000056
-2197.3865978732288,0.29630000000000567
-2197.931608883846,0.29640000000000566
-2198.4763625287706,0.29650000000000565
-2199.0208590162765,0.29660000000000564
-2199.565098554401,0.2967000000000056
-2200.10908135094,0.2968000000000056
-2200.6528076134528,0.2969000000000056
-2201.196277549262,0.29700000000000565
-2201.7394913654507,0.2971000000000057
-2202.282449268868,0.2972000000000057
-2202.825151466122,0.29730000000000567
-2203.3675981635897,0.29740000000000566
-2203.9097895674086,0.29750000000000565
-2204.451725883483,0.29760000000000564
-2204.99340731748,0.2977000000000056
-2205.5348340748337,0.29780000000000567
-2206.076006360742,0.2979000000000057
-2206.6169243801696,0.2980000000000057
-2207.157588337847,0.2981000000000057
-2207.6979984382715,0.2982000000000057
-2208.238154885708,0.29830000000000567
-2208.7780578841875,0.29840000000000566
-2209.3177076375086,0.29850000000000565
-2209.8571043492393,0.2986000000000057
-2210.3962482227143,0.29870000000000574
-2210.9351394610367,0.2988000000000057
-2211.47377826708,0.2989000000000057
-2212.012164843486,0.2990000000000057
-2212.5502993926657,0.2991000000000057
-2213.0881821168023,0.2992000000000057
-2213.625813217847,0.2993000000000057
-2214.163192897521,0.2994000000000057
-2214.70032135732,0.29950000000000576
-2215.237198798508,0.29960000000000575
-2215.7738254221204,0.29970000000000574
-2216.310201428967,0.29980000000000573
-2216.846327019628,0.2999000000000057
