Work,Volume
-0.0,0.1
-2.4929537307774354,0.10010000000000001
-4.9834182412426005,0.10020000000000001
-7.471398497424774,0.10030000000000001
-9.956899450507098,0.10040000000000002
-12.43992603688569,0.10050000000000002
-14.920483178228476,0.10060000000000002
-17.39857578153372,0.10070000000000003
-19.874208739188255,0.10080000000000003
-22.34738692902546,0.10090000000000003
-24.818115214382903,0.10100000000000003
-27.286398444159737,0.10110000000000004
-29.752241452873776,0.10120000000000004
-32.21564906071835,0.10130000000000004
-34.67662607361879,0.10140000000000005
-37.135177283288726,0.10150000000000005
-39.591307467286036,0.10160000000000005
-42.04502138906858,0.10170000000000005
-44.4963237980496,0.10180000000000006
-46.94521942965291,0.10190000000000006
-49.39171300536773,0.10200000000000006
-51.83580923280337,0.10210000000000007
-54.27751280574354,0.10220000000000007
-56.716828404200456,0.10230000000000007
-59.15376069446864,0.10240000000000007
-61.58831432917848,0.10250000000000008
-64.02049394734958,0.10260000000000008
-66.4503041744437,0.10270000000000008
-68.87774962241764,0.10280000000000009
-71.3028348897757,0.10290000000000009
-73.72556456162192,0.10300000000000009
-76.14594320971221,0.1031000000000001
-78.563975392506,0.1032000000000001
-80.97966565521779,0.1033000000000001
-83.39301852986839,0.1034000000000001
-85.80403853533605,0.1035000000000001
-88.212730177407,0.10360000000000011
-90.61909794882624,0.10370000000000011
-93.02314632934761,0.10380000000000011
-95.42487978578393,0.10390000000000012
-97.8243027720568,0.10400000000000012
-100.22141972924607,0.10410000000000012
-102.61623508563932,0.10420000000000013
-105.00875325678074,0.10430000000000013
-107.39897864552017,0.10440000000000013
-109.78691564206157,0.10450000000000013
-112.17256862401152,0.10460000000000014
-114.55594195642728,0.10470000000000014
-116.93703999186468,0.10480000000000014
-119.31586707042601,0.10490000000000015
-121.69242751980725,0.10500000000000015
-124.06672565534546,0.10510000000000015
-126.4387657800657,0.10520000000000015
-128.8085521847279,0.10530000000000016
-131.1760891478734,0.10540000000000016
-133.54138093587122,0.10550000000000016
-135.9044318029644,0.10560000000000017
-138.26524599131568,0.10570000000000017
-140.62382773105327,0.10580000000000017
-142.98018124031643,0.10590000000000017
-145.33431072530055,0.10600000000000018
-147.68622038030233,0.10610000000000018
-150.03591438776465,0.10620000000000018
-152.38339691832104,0.10630000000000019
-154.72867213084027,0.10640000000000019
-157.07174417247035,0.10650000000000019
-159.4126171786828,0.1066000000000002
-161.75129527331626,0.1067000000000002
-164.08778256862004,0.1068000000000002
-166.42208316529766,0.1069000000000002
-168.75420115254994,0.1070000000000002
-171.08414060811802,0.10710000000000021
-173.4119055983261,0.10720000000000021
-175.73750017812392,0.10730000000000021
-178.06092839112955,0.10740000000000022
-180.382194269671,0.10750000000000022
-182.70130183482866,0.10760000000000022
-185.0182550964768,0.10770000000000023
-187.33305805332543,0.10780000000000023
-189.64571469296152,0.10790000000000023
-191.95622899189027,0.10800000000000023
-194.2646049155761,0.10810000000000024
-196.57084641848357,0.10820000000000024
-198.87495744411797,0.10830000000000024
-201.17694192506576,0.10840000000000025
-203.47680378303497,0.10850000000000025
-205.774546928895,0.10860000000000025
-208.07017526271687,0.10870000000000025
-210.3636926738127,0.10880000000000026
-212.65510304077532,0.10890000000000026
-214.94441023151768,0.10900000000000026
-217.23161810331192,0.10910000000000027
-219.5167305028284,0.10920000000000027
-221.79975126617467,0.10930000000000027
-224.08068421893375,0.10940000000000027
-226.359533176203,0.10950000000000028
-228.6363019426322,0.10960000000000028
-230.91099431246155,0.10970000000000028
-233.18361406955987,0.10980000000000029
-235.4541649874622,0.10990000000000029
-237.72265082940748,0.11000000000000029
-239.98907534837585,0.1101000000000003
-242.253442287126,0.1102000000000003
-244.5157553782323,0.1103000000000003
-246.7760183441216,0.1104000000000003
-249.03423489711003,0.1105000000000003
-251.29040873943956,0.11060000000000031
-253.54454356331453,0.11070000000000031
-255.7966430509377,0.11080000000000031
-258.04671087454653,0.11090000000000032
-260.29475069644906,0.11100000000000032
-262.5407661690596,0.11110000000000032
-264.7847609349344,0.11120000000000033
-267.0267386268071,0.11130000000000033
-269.26670286762396,0.11140000000000033
-271.50465727057906,0.11150000000000033
-273.74060543914914,0.11160000000000034
-275.97455096712866,0.11170000000000034
-278.2064974386642,0.11180000000000034
-280.43644842828905,0.11190000000000035
-282.6644075009576,0.11200000000000035
-284.8903782120796,0.11210000000000035
-287.11436410755397,0.11220000000000036
-289.33636872380293,0.11230000000000036
-291.5563955878056,0.11240000000000036
-293.77444821713163,0.11250000000000036
-295.9905301199747,0.11260000000000037
-298.2046447951857,0.11270000000000037
-300.41679573230596,0.11280000000000037
-302.6269864116001,0.11290000000000038
-304.8352203040893,0.11300000000000038
-307.0415008715835,0.11310000000000038
-309.24583156671406,0.11320000000000038
-311.4482158329666,0.11330000000000039
-313.6486571047126,0.11340000000000039
-315.8471588072423,0.11350000000000039
-318.04372435679585,0.1136000000000004
-320.2383571605961,0.1137000000000004
-322.43106061687934,0.1138000000000004
-324.62183811492764,0.1139000000000004
-326.8106930350999,0.1140000000000004
-328.99762874886335,0.11410000000000041
-331.18264861882426,0.11420000000000041
-333.3657559987596,0.11430000000000042
-335.5469542336475,0.11440000000000042
-337.7262466596983,0.11450000000000042
-339.9036366043846,0.11460000000000042
-342.0791273864726,0.11470000000000043
-344.2527223160515,0.11480000000000043
-346.42442469456466,0.11490000000000043
-348.59423781483895,0.11500000000000044
-350.7621649611151,0.11510000000000044
-352.92820940907734,0.11520000000000044
-355.0923744258831,0.11530000000000044
-357.25466327019285,0.11540000000000045
-359.4150791921992,0.11550000000000045
-361.5736254336564,0.11560000000000045
-363.7303052279094,0.11570000000000046
-365.885121799923,0.11580000000000046
-368.0380783663109,0.11590000000000046
-370.1891781353643,0.11600000000000046
-372.3384243070805,0.11610000000000047
-374.4858200731919,0.11620000000000047
-376.6313686171941,0.11630000000000047
-378.77507311437404,0.11640000000000048
-380.9169367318388,0.11650000000000048
-383.05696262854303,0.11660000000000048
-385.1951539553173,0.11670000000000048
-387.33151385489595,0.11680000000000049
-389.4660454619444,0.11690000000000049
-391.5987519030873,0.11700000000000049
-393.72963629693544,0.1171000000000005
-395.8587017541138,0.1172000000000005
-397.98595137728785,0.1173000000000005
-400.1113882611919,0.1174000000000005
-402.23501549265495,0.1175000000000005
-404.3568361506282,0.11760000000000051
-406.47685330621175,0.11770000000000051
-408.5950700226813,0.11780000000000052
-410.7114893555145,0.11790000000000052
-412.8261143524177,0.11800000000000052
-414.93894805335185,0.11810000000000052
-417.0499934905595,0.11820000000000053
-419.1592536885897,0.11830000000000053
-421.26673166432533,0.11840000000000053
-423.37243042700817,0.11850000000000054
-425.47635297826463,0.11860000000000054
-427.57850231213195,0.11870000000000054
-429.6788814150834,0.11880000000000054
-431.77749326605385,0.11890000000000055
-433.8743408364651,0.11900000000000055
-435.96942709025086,0.11910000000000055
-438.06275498388254,0.11920000000000056
-440.1543274663936,0.11930000000000056
-442.2441474794049,0.11940000000000056
-444.3322179571493,0.11950000000000056
-446.4185418264965,0.11960000000000057
-448.5031220069776,0.11970000000000057
-450.5859614108096,0.11980000000000057
-452.66706294292004,0.11990000000000058
-454.74642950097075,0.12000000000000058
-456.8240639753828,0.12010000000000058
-458.89996924935986,0.12020000000000058
-460.9741481989129,0.12030000000000059
-463.04660369288365,0.12040000000000059
-465.1173385929684,0.12050000000000059
-467.18635575374196,0.1206000000000006
-469.2536580226811,0.1207000000000006
-471.31924824018824,0.1208000000000006
-473.3831292396146,0.1209000000000006
-475.4453038472836,0.12100000000000061
-477.5057748825143,0.12110000000000061
-479.56454515764426,0.12120000000000061
-481.6216174780527,0.12130000000000062
-483.67699464218344,0.12140000000000062
-485.73067944156753,0.12150000000000062
-487.7826746608466,0.12160000000000062
-489.83298307779467,0.12170000000000063
-491.88160746334137,0.12180000000000063
-493.92855058159404,0.12190000000000063
-495.9738151898604,0.12200000000000064
-498.01740403867046,0.12210000000000064
-500.05931987179923,0.12220000000000064
-502.0995654262882,0.12230000000000064
-504.138143432468,0.12240000000000065
-506.17505661397973,0.12250000000000065
-508.21030768779724,0.12260000000000065
-510.24389936424865,0.12270000000000066
-512.275834347038,0.12280000000000066
-514.3061153332669,0.12290000000000066
-516.3347450134562,0.12300000000000066
-518.3617260715667,0.12310000000000067
-520.3870611850214,0.12320000000000067
-522.410753024726,0.12330000000000067
-524.4328042550903,0.12340000000000068
-526.4532175340491,0.12350000000000068
-528.4719955130838,0.12360000000000068
-530.4891408372421,0.12370000000000068
-532.5046561451596,0.12380000000000069
-534.518544069081,0.12390000000000069
-536.5308072348791,0.12400000000000069
-538.5414482620774,0.1241000000000007
-540.5504697638687,0.1242000000000007
-542.5578743471362,0.1243000000000007
-544.5636646124749,0.1244000000000007
-546.5678431542094,0.12450000000000071
-548.5704125604166,0.12460000000000071
-550.5713754129439,0.12470000000000071
-552.5707342874299,0.12480000000000072
-554.5684917533245,0.12490000000000072
-556.5646503739085,0.12500000000000072
-558.5592127063125,0.1251000000000007
-560.5521813015389,0.12520000000000073
-562.5435587044784,0.12530000000000074
-564.533347453931,0.12540000000000073
-566.5215500826266,0.12550000000000072
-568.5081691172431,0.12560000000000074
-570.4932070784246,0.12570000000000076
-572.4766664808019,0.12580000000000074
-574.4585498330123,0.12590000000000073
-576.438859637718,0.12600000000000075
-578.4175983916236,0.12610000000000077
-580.3947685854964,0.12620000000000076
-582.3703727041859,0.12630000000000075
-584.344413226642,0.12640000000000076
-586.3168926259317,0.12650000000000078
-588.28781336926,0.12660000000000077
-590.2571779179885,0.12670000000000076
-592.2249887276529,0.12680000000000077
-594.1912482479809,0.1269000000000008
-596.1559589229107,0.12700000000000078
-598.1191231906114,0.12710000000000077
-600.0807434834987,0.12720000000000078
-602.0408222282533,0.1273000000000008
-603.9993618458386,0.1274000000000008
-605.9563647515213,0.12750000000000078
-607.9118333548868,0.1276000000000008
-609.8657700598565,0.1277000000000008
-611.8181772647065,0.1278000000000008
-613.7690573620872,0.1279000000000008
-615.718412739038,0.1280000000000008
-617.6662457770052,0.12810000000000082
-619.6125588518602,0.1282000000000008
-621.5573543339178,0.1283000000000008
-623.5006345879527,0.12840000000000082
-625.442401973215,0.12850000000000084
-627.3826588434497,0.12860000000000082
-629.3214075469134,0.1287000000000008
-631.2586504263916,0.12880000000000083
-633.1943898192135,0.12890000000000085
-635.1286280572712,0.12900000000000084
-637.0613674670365,0.12910000000000083
-638.992610369577,0.12920000000000084
-640.9223590805724,0.12930000000000086
-642.8506159103312,0.12940000000000085
-644.777383163809,0.12950000000000084
-646.7026631406234,0.12960000000000085
-648.6264581350705,0.12970000000000087
-650.5487704361411,0.12980000000000086
-652.469602327539,0.12990000000000085
-654.3889560876955,0.13000000000000086
-656.3068339897857,0.13010000000000088
-658.223238301744,0.13020000000000087
-660.1381712862827,0.13030000000000086
-662.0516352009066,0.13040000000000088
-663.9636322979276,0.1305000000000009
-665.8741648244818,0.13060000000000088
-667.7832350225465,0.13070000000000087
-669.6908451289548,0.1308000000000009
-671.5969973754108,0.1309000000000009
-673.5016939885052,0.1310000000000009
-675.4049371897331,0.13110000000000088
-677.3067291955078,0.1312000000000009
-679.2070722171758,0.13130000000000092
-681.1059684610324,0.1314000000000009
-683.003420128339,0.1315000000000009
-684.8994294153371,0.1316000000000009
-686.7939985132621,0.13170000000000093
-688.6871296083601,0.13180000000000092
-690.578824881904,0.1319000000000009
-692.4690865102068,0.13200000000000092
-694.3579166646371,0.13210000000000094
-696.2453175116328,0.13220000000000093
-698.1312912127202,0.13230000000000092
-700.0158399245242,0.13240000000000093
-701.8989657987854,0.13250000000000095
-703.7806709823733,0.13260000000000094
-705.6609576173038,0.13270000000000093
-707.5398278407517,0.13280000000000095
-709.4172837850646,0.13290000000000096
-711.2933275777789,0.13300000000000095
-713.1679613416343,0.13310000000000094
-715.0411871945882,0.13320000000000096
-716.9130072498285,0.13330000000000097
-718.7834236157887,0.13340000000000096
-720.6524383961641,0.13350000000000095
-722.5200536899238,0.13360000000000097
-724.3862715913245,0.13370000000000098
-726.2510941899259,0.13380000000000097
-728.1145235706049,0.13390000000000096
-729.9765618135691,0.13400000000000098
-731.8372109943698,0.134100000000001
-733.6964731839164,0.13420000000000099
-735.5543504484923,0.13430000000000097
-737.4108448497661,0.134400000000001
-739.2659584448056,0.134500000000001
-741.1196932860922,0.134600000000001
-742.9720514215348,0.13470000000000099
-744.8230348944837,0.134800000000001
-746.6726457437417,0.13490000000000102
-748.5208860035796,0.135000000000001
-750.3677577037499,0.135100000000001
-752.2132628695003,0.135200000000001
-754.0574035215847,0.13530000000000103
-755.9001816762778,0.13540000000000102
-757.7415993453903,0.135500000000001
-759.58165853628,0.13560000000000103
-761.4203612518637,0.13570000000000104
-763.257709490633,0.13580000000000103
-765.0937052466663,0.13590000000000102
-766.9283505096421,0.13600000000000104
-768.7616472648501,0.13610000000000105
-770.5935974932063,0.13620000000000104
-772.4242031712652,0.13630000000000103
-774.2534662712328,0.13640000000000105
-776.0813887609781,0.13650000000000106
-777.9079726040466,0.13660000000000105
-779.7332197596738,0.13670000000000104
-781.5571321827975,0.13680000000000106
-783.3797118240686,0.13690000000000108
-785.2009606298652,0.13700000000000107
-787.0208805423056,0.13710000000000105
-788.8394734992597,0.13720000000000107
-790.6567414343613,0.1373000000000011
-792.4726862770201,0.13740000000000108
-794.2873099524361,0.13750000000000107
-796.1006143816102,0.13760000000000108
-797.9126014813553,0.1377000000000011
-799.7232731643104,0.1378000000000011
-801.5326313389525,0.13790000000000108
-803.3406779096085,0.1380000000000011
-805.1474147764659,0.1381000000000011
-806.9528438355858,0.1382000000000011
-808.7569669789159,0.1383000000000011
-810.5597860943014,0.1384000000000011
-812.3613030654957,0.13850000000000112
-814.1615197721737,0.1386000000000011
-815.9604380899439,0.1387000000000011
-817.7580598903592,0.13880000000000112
-819.5543870409284,0.13890000000000113
-821.3494214051279,0.13900000000000112
-823.1431648424146,0.1391000000000011
-824.9356192082369,0.13920000000000113
-826.726786354044,0.13930000000000115
-828.5166681273001,0.13940000000000113
-830.3052663714956,0.13950000000000112
-832.0925829261575,0.13960000000000114
-833.8786196268608,0.13970000000000116
-835.6633783052393,0.13980000000000115
-837.4468607889992,0.13990000000000113
-839.2290689019285,0.14000000000000115
-841.0100044639075,0.14010000000000117
-842.7896692909214,0.14020000000000116
-844.568065195071,0.14030000000000115
-846.3451939845845,0.14040000000000116
-848.1210574638267,0.14050000000000118
-849.8956574333104,0.14060000000000117
-851.6689956897097,0.14070000000000116
-853.4410740258689,0.14080000000000117
-855.2118942308127,0.1409000000000012
-856.9814580897578,0.14100000000000118
-858.7497673841251,0.14110000000000117
-860.5168238915496,0.14120000000000119
-862.2826293858891,0.1413000000000012
-864.0471856372372,0.1414000000000012
-865.8104944119339,0.14150000000000118
-867.572557472576,0.1416000000000012
-869.333376578026,0.1417000000000012
-871.0929534834238,0.1418000000000012
-872.8512899401989,0.1419000000000012
-874.6083876960788,0.1420000000000012
-876.3642484950992,0.14210000000000123
-878.1188740776148,0.14220000000000121
-879.8722661803115,0.1423000000000012
-881.6244265362143,0.14240000000000122
-883.3753568746984,0.14250000000000124
-885.1250589214987,0.14260000000000123
-886.8735343987224,0.14270000000000121
-888.620785024857,0.14280000000000123
-890.3668125147807,0.14290000000000125
-892.1116185797719,0.14300000000000124
-893.855204927522,0.14310000000000123
-895.597573262143,0.14320000000000124
-897.3387252841774,0.14330000000000126
-899.0786626906088,0.14340000000000125
-900.8173871748727,0.14350000000000124
-902.5549004268656,0.14360000000000125
-904.2912041329538,0.14370000000000127
-906.0262999759844,0.14380000000000126
-907.7601896352959,0.14390000000000125
-909.4928747867266,0.14400000000000127
-911.2243571026238,0.14410000000000128
-912.954638251855,0.14420000000000127
-914.6837198998171,0.14430000000000126
-916.4116037084461,0.14440000000000128
-918.1382913362256,0.1445000000000013
-919.863784438197,0.14460000000000128
-921.5880846659702,0.14470000000000127
-923.3111936677319,0.1448000000000013
-925.0331130882548,0.1449000000000013
-926.7538445689067,0.1450000000000013
-928.4733897476624,0.14510000000000128
-930.1917502591107,0.1452000000000013
-931.9089277344633,0.14530000000000132
-933.6249238015656,0.1454000000000013
-935.339740084906,0.1455000000000013
-937.053378205625,0.1456000000000013
-938.7658397815225,0.14570000000000133
-940.4771264270687,0.14580000000000132
-942.187239753414,0.1459000000000013
-943.8961813683973,0.14600000000000132
-945.6039528765533,0.14610000000000134
-947.3105558791235,0.14620000000000133
-949.015991974066,0.14630000000000132
-950.7202627560625,0.14640000000000133
-952.4233698165277,0.14650000000000135
-954.1253147436183,0.14660000000000134
-955.8260991222435,0.14670000000000133
-957.5257245340717,0.14680000000000135
-959.2241925575398,0.14690000000000136
-960.9215047678621,0.14700000000000135
-962.61766273704,0.14710000000000134
-964.3126680338705,0.14720000000000136
-966.006522223953,0.14730000000000137
-967.6992268696995,0.14740000000000136
-969.3907835303444,0.14750000000000135
-971.0811937619513,0.14760000000000137
-972.7704591174218,0.14770000000000139
-974.4585811465035,0.14780000000000137
-976.1455613958017,0.14790000000000136
-977.8314014087842,0.14800000000000138
-979.5161027257916,0.1481000000000014
-981.1996668840442,0.1482000000000014
-982.8820954176532,0.14830000000000138
-984.5633898576273,0.1484000000000014
-986.24355173188,0.1485000000000014
-987.9225825652395,0.1486000000000014
-989.6004838794576,0.1487000000000014
-991.2772571932167,0.1488000000000014
-992.9529040221375,0.14890000000000142
-994.6274258787886,0.1490000000000014
-996.3008242726943,0.1491000000000014
-997.973100710343,0.14920000000000141
-999.6442566951946,0.14930000000000143
-1001.3142937276882,0.14940000000000142
-1002.9832133052519,0.1495000000000014
-1004.6510169223106,0.14960000000000143
-1006.3177060702922,0.14970000000000144
-1007.9832822376363,0.14980000000000143
-1009.6477469098043,0.14990000000000142
-1011.3111015692846,0.15000000000000144
-1012.9733476956019,0.15010000000000145
-1014.634486765324,0.15020000000000144
-1016.2945202520722,0.15030000000000143
-1017.9534496265261,0.15040000000000145
-1019.6112763564331,0.15050000000000147
-1021.2680019066152,0.15060000000000145
-1022.9236277389787,0.15070000000000144
-1024.5781553125198,0.15080000000000146
-1026.2315860833332,0.15090000000000148
-1027.8839215046196,0.15100000000000147
-1029.5351630266937,0.15110000000000146
-1031.1853120969922,0.15120000000000147
-1032.8343701600802,0.1513000000000015
-1034.4823386576586,0.15140000000000148
-1036.129219028574,0.15150000000000147
-1037.7750127088248,0.15160000000000148
-1039.4197211315675,0.1517000000000015
-1041.0633457271256,0.1518000000000015
-1042.7058879229971,0.15190000000000148
-1044.3473491438624,0.1520000000000015
-1045.9877308115897,0.1521000000000015
-1047.6270343452434,0.1522000000000015
-1049.2652611610931,0.1523000000000015
-1050.9024126726194,0.1524000000000015
-1052.5384902905205,0.15250000000000152
-1054.1734954227197,0.1526000000000015
-1055.8074294743753,0.1527000000000015
-1057.4402938478852,0.15280000000000152
-1059.0720899428943,0.15290000000000153
-1060.7028191563018,0.15300000000000152
-1062.3324828822695,0.1531000000000015
-1063.9610825122293,0.15320000000000153
-1065.588619434887,0.15330000000000155
-1067.2150950362327,0.15340000000000154
-1068.8405106995472,0.15350000000000152
-1070.4648678054086,0.15360000000000154
-1072.0881677316993,0.15370000000000156
-1073.7104118536122,0.15380000000000155
-1075.3316015436599,0.15390000000000154
-1076.951738171681,0.15400000000000155
-1078.5708231048443,0.15410000000000157
-1080.1888577076593,0.15420000000000156
-1081.805843341981,0.15430000000000155
-1083.421781367019,0.15440000000000156
-1085.036673139341,0.15450000000000158
-1086.6505200128818,0.15460000000000157
-1088.2633233389502,0.15470000000000156
-1089.8750844662359,0.15480000000000158
-1091.4858047408143,0.1549000000000016
-1093.095485506155,0.15500000000000158
-1094.7041281031293,0.15510000000000157
-1096.311733870015,0.1552000000000016
-1097.918304142503,0.1553000000000016
-1099.5238402537063,0.1554000000000016
-1101.1283435341643,0.15550000000000158
-1102.7318153118508,0.1556000000000016
-1104.3342569121799,0.15570000000000161
-1105.9356696580114,0.1558000000000016
-1107.5360548696608,0.1559000000000016
-1109.1354138649028,0.1560000000000016
-1110.7337479589787,0.15610000000000163
-1112.3310584646024,0.15620000000000162
-1113.9273466919683,0.1563000000000016
-1115.5226139487568,0.15640000000000162
-1117.11686154014,0.15650000000000164
-1118.7100907687889,0.15660000000000163
-1120.3023029348806,0.15670000000000162
-1121.8934993361036,0.15680000000000163
-1123.483681267664,0.15690000000000165
-1125.0728500222917,0.15700000000000164
-1126.6610068902482,0.15710000000000163
-1128.248153159332,0.15720000000000164
-1129.8342901148842,0.15730000000000166
-1131.4194190397943,0.15740000000000165
-1133.0035412145096,0.15750000000000164
-1134.5866579170379,0.15760000000000166
-1136.1687704229553,0.15770000000000167
-1137.749880005411,0.15780000000000166
-1139.3299879351366,0.15790000000000165
-1140.909095480449,0.15800000000000167
-1142.4872039072575,0.15810000000000168
-1144.06431447907,0.15820000000000167
-1145.6404284569999,0.15830000000000166
-1147.215547099771,0.15840000000000168
-1148.7896716637238,0.1585000000000017
-1150.3628034028209,0.15860000000000168
-1151.934943568655,0.15870000000000167
-1153.506093410453,0.1588000000000017
-1155.0762541750832,0.1589000000000017
-1156.6454271070586,0.1590000000000017
-1158.2136134485468,0.15910000000000168
-1159.780814439374,0.1592000000000017
-1161.3470313170287,0.15930000000000172
-1162.9122653166714,0.1594000000000017
-1164.4765176711385,0.1595000000000017
-1166.0397896109482,0.1596000000000017
-1167.6020823643062,0.15970000000000173
-1169.163397157111,0.15980000000000172
-1170.7237352129619,0.1599000000000017
-1172.283097753163,0.16000000000000172
-1173.8414859967277,0.16010000000000174
-1175.3989011603871,0.16020000000000173
-1176.955344458594,0.16030000000000172
-1178.5108171035304,0.16040000000000174
-1180.0653203051097,0.16050000000000175
-1181.618855270986,0.16060000000000174
-1183.171423206557,0.16070000000000173
-1184.7230253149728,0.16080000000000175
-1186.273662797138,0.16090000000000176
-1187.823336851718,0.16100000000000175
-1189.3720486751472,0.16110000000000174
-1190.9197994616325,0.16120000000000176
-1192.4665904031576,0.16130000000000178
-1194.0124226894907,0.16140000000000176
-1195.5572975081895,0.16150000000000175
-1197.1012160446069,0.16160000000000177
-1198.6441794818943,0.1617000000000018
-1200.1861890010098,0.16180000000000178
-1201.7272457807226,0.16190000000000176
-1203.2673509976182,0.16200000000000178
-1204.8065058261031,0.1621000000000018
-1206.3447114384123,0.1622000000000018
-1207.8819690046123,0.16230000000000178
-1209.4182796926084,0.1624000000000018
-1210.9536446681482,0.1625000000000018
-1212.4880650948276,0.1626000000000018
-1214.0215421340977,0.1627000000000018
-1215.554076945268,0.1628000000000018
-1217.0856706855118,0.16290000000000182
-1218.616324509872,0.1630000000000018
-1220.146039571267,0.1631000000000018
-1221.6748170204958,0.16320000000000182
-1223.2026580062404,0.16330000000000183
-1224.729563675075,0.16340000000000182
-1226.2555351714689,0.1635000000000018
-1227.7805736377923,0.16360000000000183
-1229.3046802143208,0.16370000000000184
-1230.8278560392405,0.16380000000000183
-1232.3501022486548,0.16390000000000182
-1233.8714199765877,0.16400000000000184
-1235.391810354989,0.16410000000000186
-1236.91127451374,0.16420000000000184
-1238.4298135806584,0.16430000000000183
-1239.9474286815034,0.16440000000000185
-1241.4641209399801,0.16450000000000187
-1242.9798914777446,0.16460000000000186
-1244.4947414144106,0.16470000000000184
-1246.0086718675516,0.16480000000000186
-1247.5216839527086,0.16490000000000188
-1249.0337787833919,0.16500000000000187
-1250.5449574710897,0.16510000000000186
-1252.0552211252707,0.16520000000000187
-1253.564570853389,0.1653000000000019
-1255.0730077608891,0.16540000000000188
-1256.5805329512118,0.16550000000000187
-1258.0871475257986,0.16560000000000188
-1259.592852584095,0.1657000000000019
-1261.0976492235573,0.1658000000000019
-1262.6015385396568,0.16590000000000188
-1264.1045216258844,0.1660000000000019
-1265.6065995737554,0.1661000000000019
-1267.1077734728133,0.1662000000000019
-1268.6080444106362,0.1663000000000019
-1270.1074134728424,0.1664000000000019
-1271.6058817430912,0.16650000000000192
-1273.1034503030903,0.1666000000000019
-1274.600120232601,0.1667000000000019
-1276.0958926094427,0.16680000000000192
-1277.5907685094944,0.16690000000000194
-1279.0847490067038,0.16700000000000192
-1280.5778351730892,0.1671000000000019
-1282.0700280787455,0.16720000000000193
-1283.5613287918472,0.16730000000000195
-1285.0517383786541,0.16740000000000194
-1286.5412579035165,0.16750000000000193
-1288.0298884288782,0.16760000000000194
-1289.5176310152826,0.16770000000000196
-1291.0044867213749,0.16780000000000195
-1292.49045660391,0.16790000000000194
-1293.9755417177541,0.16800000000000195
-1295.4597431158911,0.16810000000000197
-1296.9430618494246,0.16820000000000196
-1298.4254989675856,0.16830000000000195
-1299.9070555177354,0.16840000000000196
-1301.3877325453693,0.16850000000000198
-1302.8675310941212,0.16860000000000197
-1304.3464522057698,0.16870000000000196
-1305.8244969202415,0.16880000000000198
-1307.3016662756145,0.168900000000002
-1308.7779613081236,0.16900000000000198
-1310.2533830521652,0.16910000000000197
-1311.7279325403017,0.169200000000002
-1313.2016108032637,0.169300000000002
-1314.6744188699568,0.169400000000002
-1316.146357767465,0.16950000000000198
-1317.6174285210552,0.169600000000002
-1319.0876321541805,0.16970000000000202
-1320.5569696884859,0.169800000000002
-1322.0254421438115,0.169900000000002
-1323.493050538198,0.170000000000002
-1324.9597958878887,0.17010000000000203
-1326.4256792073359,0.17020000000000202
-1327.8907015092045,0.170300000000002
-1329.3548638043762,0.17040000000000202
-1330.8181671019524,0.17050000000000204
-1332.2806124092604,0.17060000000000203
-1333.742200731856,0.17070000000000202
-1335.2029330735297,0.17080000000000203
-1336.6628104363078,0.17090000000000205
-1338.1218338204583,0.17100000000000204
-1339.5800042244955,0.17110000000000203
-1341.0373226451843,0.17120000000000204
-1342.4937900775412,0.17130000000000206
-1343.949407514842,0.17140000000000205
-1345.4041759486242,0.17150000000000204
-1346.8580963686925,0.17160000000000206
-1348.3111697631193,0.17170000000000207
-1349.763397118253,0.17180000000000206
-1351.2147794187192,0.17190000000000205
-1352.6653176474267,0.17200000000000207
-1354.1150127855694,0.17210000000000208
-1355.5638658126309,0.17220000000000207
-1357.0118777063904,0.17230000000000206
-1358.4590494429242,0.17240000000000208
-1359.9053819966107,0.1725000000000021
-1361.3508763401337,0.17260000000000209
-1362.7955334444875,0.17270000000000207
-1364.239354278981,0.1728000000000021
-1365.6823398112388,0.1729000000000021
-1367.1244910072078,0.1730000000000021
-1368.5658088311611,0.17310000000000209
-1370.0062942457007,0.1732000000000021
-1371.4459482117618,0.17330000000000212
-1372.8847716886153,0.1734000000000021
-1374.322765633875,0.1735000000000021
-1375.7599310034982,0.1736000000000021
-1377.1962687517912,0.17370000000000213
-1378.6317798314114,0.17380000000000212
-1380.066465193374,0.1739000000000021
-1381.500325787053,0.17400000000000213
-1382.9333625601862,0.17410000000000214
-1384.3655764588782,0.17420000000000213
-1385.7969684276059,0.17430000000000212
-1387.2275394092208,0.17440000000000214
-1388.657290344952,0.17450000000000215
-1390.0862221744114,0.17460000000000214
-1391.5143358355976,0.17470000000000213
-1392.9416322648985,0.17480000000000215
-1394.368112397095,0.17490000000000216
-1395.7937771653649,0.17500000000000215
-1397.2186275012873,0.17510000000000214
-1398.6426643348466,0.17520000000000216
-1400.0658885944326,0.17530000000000218
-1401.488301206849,0.17540000000000217
-1402.9099030973139,0.17550000000000215
-1404.330695189465,0.17560000000000217
-1405.750678405361,0.1757000000000022
-1407.1698536654876,0.17580000000000218
-1408.588221888761,0.17590000000000217
-1410.0057839925296,0.17600000000000218
-1411.4225408925781,0.1761000000000022
-1412.8384935031322,0.1762000000000022
-1414.2536427368618,0.17630000000000218
-1415.667989504884,0.1764000000000022
-1417.0815347167663,0.1765000000000022
-1418.494279280531,0.1766000000000022
-1419.9062241026581,0.1767000000000022
-1421.3173700880902,0.1768000000000022
-1422.727718140233,0.17690000000000222
-1424.1372691609613,0.1770000000000022
-1425.5460240506222,0.1771000000000022
-1426.9539837080379,0.17720000000000222
-1428.3611490305088,0.17730000000000223
-1429.7675209138176,0.17740000000000222
-1431.1731002522329,0.1775000000000022
-1432.5778879385127,0.17760000000000223
-1433.9818848639065,0.17770000000000225
-1435.3850919181596,0.17780000000000223
-1436.7875099895166,0.17790000000000222
-1438.1891399647257,0.17800000000000224
-1439.5899827290395,0.17810000000000226
-1440.9900391662206,0.17820000000000225
-1442.3893101585438,0.17830000000000223
-1443.787796586801,0.17840000000000225
-1445.1854993303018,0.17850000000000227
-1446.5824192668788,0.17860000000000226
-1447.9785572728908,0.17870000000000225
-1449.3739142232266,0.17880000000000226
-1450.768490991306,0.17890000000000228
-1452.1622884490848,0.17900000000000227
-1453.5553074670586,0.17910000000000226
-1454.9475489142656,0.17920000000000227
-1456.3390136582875,0.1793000000000023
-1457.729702565257,0.17940000000000228
-1459.1196164998573,0.17950000000000227
-1460.5087563253282,0.17960000000000229
-1461.8971229034669,0.1797000000000023
-1463.2847170946325,0.1798000000000023
-1464.671539757749,0.17990000000000228
-1466.0575917503097,0.1800000000000023
-1467.4428739283767,0.1801000000000023
-1468.827387146588,0.1802000000000023
-1470.2111322581593,0.1803000000000023
-1471.594110114887,0.1804000000000023
-1472.9763215671508,0.18050000000000233
-1474.3577674639173,0.18060000000000231
-1475.7384486527442,0.1807000000000023
-1477.118365979782,0.18080000000000232
-1478.4975202897774,0.18090000000000234
-1479.8759124260764,0.18100000000000233
-1481.253543230628,0.18110000000000231
-1482.6304135439875,0.18120000000000233
-1484.0065242053174,0.18130000000000235
-1485.3818760523923,0.18140000000000234
-1486.7564699216032,0.18150000000000233
-1488.1303066479572,0.18160000000000234
-1489.503387065084,0.18170000000000236
-1490.8757120052355,0.18180000000000235
-1492.2472822992916,0.18190000000000234
-1493.618098776763,0.18200000000000235
-1494.988162265792,0.18210000000000237
-1496.3574735931575,0.18220000000000236
-1497.7260335842775,0.18230000000000235
-1499.0938430632127,0.18240000000000237
-1500.460902852668,0.18250000000000238
-1501.8272137739953,0.18260000000000237
-1503.1927766471995,0.18270000000000236
-1504.5575922909393,0.18280000000000238
-1505.9216615225284,0.1829000000000024
-1507.284985157941,0.18300000000000238
-1508.6475640118151,0.18310000000000237
-1510.0093988974531,0.1832000000000024
-1511.3704906268267,0.1833000000000024
-1512.730840010578,0.1834000000000024
-1514.0904478580246,0.18350000000000238
-1515.4493149771613,0.1836000000000024
-1516.807442174662,0.18370000000000242
-1518.1648302558838,0.1838000000000024
-1519.5214800248705,0.1839000000000024
-1520.8773922843543,0.1840000000000024
-1522.2325678357583,0.18410000000000243
-1523.5870074792006,0.18420000000000242
-1524.940712013496,0.1843000000000024
-1526.2936822361605,0.18440000000000242
-1527.6459189434117,0.18450000000000244
-1528.9974229301733,0.18460000000000243
-1530.3481949900777,0.18470000000000242
-1531.698235915469,0.18480000000000243
-1533.0475464974043,0.18490000000000245
-1534.3961275256574,0.18500000000000244
-1535.7439797887234,0.18510000000000243
-1537.0911040738192,0.18520000000000245
-1538.4375011668858,0.18530000000000246
-1539.7831718525922,0.18540000000000245
-1541.1281169143397,0.18550000000000244
-1542.4723371342616,0.18560000000000246
-1543.815833293228,0.18570000000000247
-1545.1586061708463,0.18580000000000246
-1546.5006565454673,0.18590000000000245
-1547.841985194186,0.18600000000000247
-1549.1825928928433,0.18610000000000249
-1550.5224804160298,0.18620000000000247
-1551.8616485370887,0.18630000000000246
-1553.2000980281193,0.18640000000000248
-1554.5378296599774,0.1865000000000025
-1555.8748442022784,0.18660000000000249
-1557.2111424234024,0.18670000000000248
-1558.546725090495,0.1868000000000025
-1559.8815929694688,0.1869000000000025
-1561.215746825008,0.1870000000000025
-1562.5491874205707,0.1871000000000025
-1563.8819155183912,0.1872000000000025
-1565.213931879482,0.18730000000000252
-1566.5452372636369,0.1874000000000025
-1567.8758324294345,0.1875000000000025
-1569.2057181342402,0.18760000000000251
-1570.5348951342075,0.18770000000000253
-1571.8633641842816,0.18780000000000252
-1573.1911260382035,0.1879000000000025
-1574.51818144851,0.18800000000000253
-1575.8445311665373,0.18810000000000254
-1577.1701759424238,0.18820000000000253
-1578.4951165251127,0.18830000000000252
-1579.8193536623548,0.18840000000000254
-1581.1428881007091,0.18850000000000255
-1582.4657205855474,0.18860000000000254
-1583.7878518610569,0.18870000000000253
-1585.1092826702413,0.18880000000000255
-1586.430013754924,0.18890000000000257
-1587.7500458557504,0.18900000000000255
-1589.0693797121908,0.18910000000000254
-1590.3880160625436,0.18920000000000256
-1591.7059556439349,0.18930000000000258
-1593.0231991923242,0.18940000000000257
-1594.339747442506,0.18950000000000256
-1595.6556011281114,0.18960000000000257
-1596.9707609816098,0.1897000000000026
-1598.2852277343138,0.18980000000000258
-1599.5990021163805,0.18990000000000257
-1600.9120848568136,0.19000000000000258
-1602.2244766834658,0.1901000000000026
-1603.5361783230412,0.1902000000000026
-1604.8471905010986,0.19030000000000258
-1606.1575139420534,0.1904000000000026
-1607.467149369179,0.1905000000000026
-1608.7760975046106,0.1906000000000026
-1610.084359069347,0.1907000000000026
-1611.3919347832543,0.1908000000000026
-1612.698825365065,0.19090000000000262
-1614.0050315323824,0.1910000000000026
-1615.310554001685,0.1911000000000026
-1616.6153934883262,0.19120000000000262
-1617.9195507065356,0.19130000000000263
-1619.2230263694244,0.19140000000000262
-1620.5258211889861,0.1915000000000026
-1621.8279358760997,0.19160000000000263
-1623.1293711405306,0.19170000000000265
-1624.4301276909337,0.19180000000000264
-1625.7302062348563,0.19190000000000262
-1627.0296074787398,0.19200000000000264
-1628.3283321279218,0.19210000000000266
-1629.6263808866381,0.19220000000000265
-1630.9237544580274,0.19230000000000264
-1632.2204535441297,0.19240000000000265
-1633.5164788458924,0.19250000000000267
-1634.8118310631685,0.19260000000000266
-1636.1065108947241,0.19270000000000265
-1637.4005190382354,0.19280000000000266
-1638.6938561902944,0.19290000000000268
-1639.9865230464088,0.19300000000000267
-1641.2785203010078,0.19310000000000266
-1642.5698486474403,0.19320000000000268
-1643.8605087779783,0.1933000000000027
-1645.150501383821,0.19340000000000268
-1646.4398271550956,0.19350000000000267
-1647.728486780859,0.1936000000000027
-1649.0164809491012,0.1937000000000027
-1650.3038103467456,0.1938000000000027
-1651.5904756596542,0.19390000000000268
-1652.876477572628,0.1940000000000027
-1654.1618167694082,0.19410000000000271
-1655.4464939326795,0.1942000000000027
-1656.730509744073,0.1943000000000027
-1658.0138648841685,0.1944000000000027
-1659.296560032494,0.19450000000000273
-1660.5785958675297,0.19460000000000272
-1661.8599730667115,0.1947000000000027
-1663.140692306431,0.19480000000000272
-1664.4207542620388,0.19490000000000274
-1665.7001596078446,0.19500000000000273
-1666.978909017123,0.19510000000000272
-1668.2570031621133,0.19520000000000273
-1669.5344427140208,0.19530000000000275
-1670.8112283430205,0.19540000000000274
-1672.0873607182589,0.19550000000000273
-1673.3628405078566,0.19560000000000274
-1674.6376683789088,0.19570000000000276
-1675.9118449974878,0.19580000000000275
-1677.185371028647,0.19590000000000274
-1678.4582471364215,0.19600000000000276
-1679.7304739838291,0.19610000000000277
-1681.0020522328746,0.19620000000000276
-1682.27298254455,0.19630000000000275
-1683.5432655788381,0.19640000000000277
-1684.8129019947141,0.19650000000000278
-1686.0818924501457,0.19660000000000277
-1687.3502376020988,0.19670000000000276
-1688.617938106537,0.19680000000000278
-1689.8849946184237,0.1969000000000028
-1691.1514077917245,0.19700000000000278
-1692.4171782794099,0.19710000000000277
-1693.6823067334576,0.1972000000000028
-1694.946793804852,0.1973000000000028
-1696.2106401435879,0.1974000000000028
-1697.4738463986746,0.19750000000000278
-1698.7364132181342,0.1976000000000028
-1699.9983412490055,0.19770000000000282
-1701.2596311373454,0.1978000000000028
-1702.5202835282314,0.1979000000000028
-1703.7802990657642,0.1980000000000028
-1705.0396783930676,0.19810000000000283
-1706.2984221522918,0.19820000000000282
-1707.556530984616,0.1983000000000028
-1708.8140055302504,0.19840000000000282
-1710.070846428435,0.19850000000000284
-1711.3270543174453,0.19860000000000283
-1712.5826298345928,0.19870000000000282
-1713.8375736162282,0.19880000000000284
-1715.0918862977398,0.19890000000000285
-1716.3455685135589,0.19900000000000284
-1717.5986208971613,0.19910000000000283
-1718.8510440810678,0.19920000000000285
-1720.1028386968464,0.19930000000000286
-1721.3540053751158,0.19940000000000285
-1722.6045447455454,0.19950000000000284
-1723.8544574368584,0.19960000000000286
-1725.1037440768332,0.19970000000000288
-1726.352405292304,0.19980000000000286
-1727.6004417091658,0.19990000000000285
-1728.8478539523749,0.20000000000000287
-1730.0946426459484,0.2001000000000029
-1731.3408084129692,0.20020000000000288
-1732.5863518755864,0.20030000000000286
-1733.8312736550185,0.20040000000000288
-1735.075574371553,0.2005000000000029
-1736.3192546445505,0.2006000000000029
-1737.5623150924444,0.20070000000000288
-1738.8047563327452,0.2008000000000029
-1740.0465789820405,0.2009000000000029
-1741.287783655997,0.2010000000000029
-1742.5283709693629,0.2011000000000029
-1743.7683415359704,0.2012000000000029
-1745.0076959687358,0.20130000000000292
-1746.2464348796623,0.2014000000000029
-1747.4845588798412,0.2015000000000029
-1748.722068579456,0.20160000000000292
-1749.9589645877809,0.20170000000000293
-1751.1952475131834,0.20180000000000292
-1752.4309179631289,0.2019000000000029
-1753.6659765441796,0.20200000000000293
-1754.900423861996,0.20210000000000294
-1756.1342605213406,0.20220000000000293
-1757.3674871260796,0.20230000000000292
-1758.6001042791827,0.20240000000000294
-1759.832112582727,0.20250000000000296
-1761.0635126378966,0.20260000000000294
-1762.294305044987,0.20270000000000293
-1763.5244904034053,0.20280000000000295
-1764.754069311671,0.20290000000000297
-1765.9830423674198,0.20300000000000296
-1767.2114101674044,0.20310000000000294
-1768.4391733074963,0.20320000000000296
-1769.6663323826865,0.20330000000000298
-1770.8928879870898,0.20340000000000297
-1772.1188407139434,0.20350000000000296
-1773.3441911556113,0.20360000000000297
-1774.5689399035846,0.203700000000003
-1775.7930875484826,0.20380000000000298
-1777.016634680057,0.20390000000000297
-1778.2395818871908,0.20400000000000298
-1779.461929757902,0.204100000000003
-1780.6836788793428,0.204200000000003
-1781.9048298378052,0.20430000000000298
-1783.1253832187201,0.204400000000003
-1784.345339606658,0.204500000000003
-1785.5646995853322,0.204600000000003
-1786.783463737602,0.204700000000003
-1788.001632645472,0.204800000000003
-1789.2192068900933,0.20490000000000302
-1790.4361870517673,0.205000000000003
-1791.6525737099466,0.205100000000003
-1792.868367443236,0.20520000000000302
-1794.0835688293946,0.20530000000000304
-1795.2981784453375,0.20540000000000302
-1796.512196867137,0.205500000000003
-1797.725624670026,0.20560000000000303
-1798.9384624283969,0.20570000000000305
-1800.150710715804,0.20580000000000304
-1801.3623701049678,0.20590000000000303
-1802.5734411677736,0.20600000000000304
-1803.7839244752734,0.20610000000000306
-1804.9938205976882,0.20620000000000305
-1806.203130104411,0.20630000000000304
-1807.4118535640055,0.20640000000000305
-1808.6199915442103,0.20650000000000307
-1809.8275446119376,0.20660000000000306
-1811.034513333279,0.20670000000000305
-1812.2408982735033,0.20680000000000306
-1813.4466999970596,0.20690000000000308
-1814.6519190675785,0.20700000000000307
-1815.8565560478748,0.20710000000000306
-1817.060611499948,0.20720000000000308
-1818.264085984983,0.2073000000000031
-1819.4669800633542,0.20740000000000308
-1820.6692942946243,0.20750000000000307
-1821.871029237549,0.2076000000000031
-1823.0721854500748,0.2077000000000031
-1824.272763489343,0.2078000000000031
-1825.4727639116918,0.20790000000000308
-1826.6721872726562,0.2080000000000031
-1827.8710341269698,0.20810000000000312
-1829.0693050285663,0.2082000000000031
-1830.2670005305827,0.2083000000000031
-1831.4641211853586,0.2084000000000031
-1832.6606675444395,0.20850000000000313
-1833.8566401585758,0.20860000000000312
-1835.0520395777278,0.2087000000000031
-1836.2468663510654,0.20880000000000312
-1837.441121026968,0.20890000000000314
-1838.6348041530289,0.20900000000000313
-1839.8279162760562,0.20910000000000312
-1841.020457942072,0.20920000000000313
-1842.212429696317,0.20930000000000315
-1843.4038320832494,0.20940000000000314
-1844.5946656465483,0.20950000000000313
-1845.784930929115,0.20960000000000314
-1846.9746284730725,0.20970000000000316
-1848.1637588197689,0.20980000000000315
-1849.3523225097792,0.20990000000000314
-1850.5403200829055,0.21000000000000316
-1851.727752078179,0.21010000000000317
-1852.91461903386,0.21020000000000316
-1854.1009214874434,0.21030000000000315
-1855.2866599756555,0.21040000000000317
-1856.4718350344588,0.21050000000000318
-1857.65644719905,0.21060000000000317
-1858.8404970038664,0.21070000000000316
-1860.0239849825828,0.21080000000000318
-1861.2069116681155,0.2109000000000032
-1862.3892775926215,0.21100000000000319
-1863.5710832875031,0.21110000000000317
-1864.7523292834067,0.2112000000000032
-1865.9330161102255,0.2113000000000032
-1867.1131442970996,0.2114000000000032
-1868.2927143724196,0.21150000000000319
-1869.4717268638262,0.2116000000000032
-1870.6501822982127,0.21170000000000322
-1871.8280812017247,0.2118000000000032
-1873.0054240997638,0.2119000000000032
-1874.182211516988,0.2120000000000032
-1875.3584439773124,0.21210000000000323
-1876.534122003911,0.21220000000000322
-1877.7092461192196,0.2123000000000032
-1878.8838168449352,0.21240000000000323
-1880.0578347020178,0.21250000000000324
-1881.2313002106919,0.21260000000000323
-1882.4042138904492,0.21270000000000322
-1883.5765762600483,0.21280000000000324
-1884.7483878375165,0.21290000000000325
-1885.9196491401508,0.21300000000000324
-1887.0903606845209,0.21310000000000323
-1888.260522986469,0.21320000000000325
-1889.4301365611109,0.21330000000000326
-1890.5992019228395,0.21340000000000325
-1891.767719585323,0.21350000000000324
-1892.93569006151,0.21360000000000326
-1894.103113863627,0.21370000000000328
-1895.2699915031824,0.21380000000000327
-1896.436323490967,0.21390000000000325
-1897.6021103370556,0.21400000000000327
-1898.767352550808,0.2141000000000033
-1899.9320506408694,0.21420000000000328
-1901.0962051151744,0.21430000000000327
-1902.259816480946,0.21440000000000328
-1903.4228852446977,0.2145000000000033
-1904.5854119122341,0.2146000000000033
-1905.7473969886532,0.21470000000000328
-1906.9088409783485,0.2148000000000033
-1908.069744385008,0.2149000000000033
-1909.230107711617,0.2150000000000033
-1910.3899314604587,0.2151000000000033
-1911.5492161331176,0.2152000000000033
-1912.7079622304768,0.21530000000000332
-1913.8661702527231,0.2154000000000033
-1915.0238406993462,0.2155000000000033
-1916.180974069142,0.21560000000000332
-1917.3375708602105,0.21570000000000333
-1918.4936315699592,0.21580000000000332
-1919.6491566951063,0.2159000000000033
-1920.8041467316789,0.21600000000000333
-1921.9586021750142,0.21610000000000334
-1923.1125235197628,0.21620000000000333
-1924.2659112598903,0.21630000000000332
-1925.4187658886751,0.21640000000000334
-1926.5710878987138,0.21650000000000336
-1927.7228777819187,0.21660000000000335
-1928.874136029523,0.21670000000000333
-1930.0248631320787,0.21680000000000335
-1931.1750595794597,0.21690000000000337
-1932.3247258608617,0.21700000000000336
-1933.4738624648048,0.21710000000000335
-1934.6224698791348,0.21720000000000336
-1935.770548591023,0.21730000000000338
-1936.9180990869681,0.21740000000000337
-1938.0651218527985,0.21750000000000336
-1939.211617373672,0.21760000000000337
-1940.3575861340778,0.2177000000000034
-1941.5030286178376,0.21780000000000338
-1942.647945308107,0.21790000000000337
-1943.7923366873765,0.21800000000000339
-1944.9362032374727,0.2181000000000034
-1946.079545439559,0.2182000000000034
-1947.2223637741386,0.21830000000000338
-1948.3646587210542,0.2184000000000034
-1949.5064307594891,0.2185000000000034
-1950.6476803679684,0.2186000000000034
-1951.7884080243612,0.2187000000000034
-1952.9286142058818,0.2188000000000034
-1954.0682993890903,0.21890000000000343
-1955.2074640498918,0.21900000000000341
-1956.3461086635423,0.2191000000000034
-1957.4842337046457,0.21920000000000342
-1958.6218396471572,0.21930000000000344
-1959.7589269643827,0.21940000000000343
-1960.8954961289821,0.21950000000000341
-1962.03154761297,0.21960000000000343
-1963.1670818877144,0.21970000000000345
-1964.3020994239405,0.21980000000000344
-1965.4366006917328,0.21990000000000343
-1966.5705861605325,0.22000000000000344
-1967.704056299142,0.22010000000000346
-1968.8370115757245,0.22020000000000345
-1969.9694524578051,0.22030000000000344
-1971.1013794122734,0.22040000000000345
-1972.2327929053827,0.22050000000000347
-1973.3636934027522,0.22060000000000346
-1974.4940813693688,0.22070000000000345
-1975.6239572695868,0.22080000000000347
-1976.7533215671294,0.22090000000000348
-1977.8821747250909,0.22100000000000347
-1979.0105172059368,0.22110000000000346
-1980.138349471506,0.22120000000000348
-1981.2656719830095,0.2213000000000035
-1982.392485201034,0.22140000000000348
-1983.5187895855436,0.22150000000000347
-1984.6445855958777,0.2216000000000035
-1985.7698736907546,0.2217000000000035
-1986.8946543282718,0.2218000000000035
-1988.018927965908,0.22190000000000348
-1989.1426950605237,0.2220000000000035
-1990.2659560683605,0.22210000000000352
-1991.3887114450454,0.2222000000000035
-1992.5109616455904,0.2223000000000035
-1993.6327071243932,0.2224000000000035
-1994.7539483352377,0.22250000000000353
-1995.8746857312976,0.22260000000000352
-1996.9949197651356,0.2227000000000035
-1998.1146508887048,0.22280000000000352
-1999.2338795533497,0.22290000000000354
-2000.3526062098074,0.22300000000000353
-2001.4708313082085,0.22310000000000352
-2002.5885552980799,0.22320000000000353
-2003.705778628343,0.22330000000000355
-2004.8225017473162,0.22340000000000354
-2005.938725102717,0.22350000000000353
-2007.0544491416613,0.22360000000000355
-2008.1696743106654,0.22370000000000356
-2009.2844010556469,0.22380000000000355
-2010.3986298219263,0.22390000000000354
-2011.5123610542266,0.22400000000000356
-2012.6255951966764,0.22410000000000357
-2013.7383326928082,0.22420000000000356
-2014.8505739855632,0.22430000000000355
-2015.9623195172899,0.22440000000000357
-2017.0735697297437,0.22450000000000359
-2018.1843250640918,0.22460000000000357
-2019.2945859609115,0.22470000000000356
-2020.4043528601926,0.22480000000000358
-2021.5136262013368,0.2249000000000036
-2022.6224064231599,0.22500000000000359
-2023.7306939638943,0.2251000000000036
-2024.8384892611864,0.2252000000000036
-2025.9457927521012,0.22530000000000358
-2027.0526048731217,0.2254000000000036
-2028.1589260601495,0.22550000000000361
-2029.264756748506,0.2256000000000036
-2030.370097372935,0.2257000000000036
-2031.474948367602,0.2258000000000036
-2032.5793101660965,0.22590000000000363
-2033.6831832014307,0.22600000000000361
-2034.7865679060433,0.2261000000000036
-2035.8894647118,0.22620000000000362
-2036.9918740499918,0.22630000000000364
-2038.0937963513397,0.22640000000000363
-2039.1952320459936,0.22650000000000362
-2040.2961815635344,0.22660000000000363
-2041.3966453329738,0.22670000000000365
-2042.4966237827553,0.22680000000000364
-2043.5961173407566,0.22690000000000363
-2044.6951264342902,0.22700000000000364
-2045.7936514901025,0.22710000000000366
-2046.8916929343782,0.22720000000000365
-2047.9892511927378,0.22730000000000364
-2049.0863266902415,0.22740000000000365
-2050.182919851387,0.22750000000000367
-2051.2790311001145,0.22760000000000366
-2052.374660859804,0.22770000000000365
-2053.4698095532785,0.22780000000000367
-2054.564477602804,0.22790000000000368
-2055.658665430091,0.22800000000000367
-2056.7523734562947,0.22810000000000366
-2057.845602102018,0.22820000000000368
-2058.9383517873084,0.2283000000000037
-2060.0306229316643,0.22840000000000368
-2061.122415954031,0.22850000000000367
-2062.2137312728064,0.2286000000000037
-2063.3045693058366,0.2287000000000037
-2064.3949304704206,0.2288000000000037
-2065.484815183312,0.22890000000000368
-2066.5742238607163,0.2290000000000037
-2067.663156918295,0.22910000000000372
-2068.751614771165,0.2292000000000037
-2069.8395978338995,0.2293000000000037
-2070.9271065205317,0.2294000000000037
-2072.01414124455,0.22950000000000373
-2073.100702418904,0.22960000000000372
-2074.186790456005,0.2297000000000037
-2075.2724057677246,0.22980000000000372
-2076.3575487653966,0.22990000000000374
-2077.442219859819,0.23000000000000373
-2078.526419461253,0.23010000000000372
-2079.610147979427,0.23020000000000373
-2080.693405823533,0.23030000000000375
-2081.776193402231,0.23040000000000374
-2082.8585111236507,0.23050000000000373
-2083.9403593953884,0.23060000000000375
-2085.0217386245117,0.23070000000000376
-2086.102649217558,0.23080000000000375
-2087.1830915805367,0.23090000000000374
-2088.2630661189305,0.23100000000000376
-2089.3425732376954,0.23110000000000377
-2090.42161334126,0.23120000000000376
-2091.500186833531,0.23130000000000375
-2092.5782941178904,0.23140000000000377
-2093.655935597196,0.23150000000000379
-2094.733111673785,0.23160000000000378
-2095.809822749473,0.23170000000000376
-2096.8860692255566,0.23180000000000378
-2097.961851502811,0.2319000000000038
-2099.0371699814946,0.2320000000000038
-2100.1120250613485,0.23210000000000378
-2101.1864171415964,0.2322000000000038
-2102.260346620946,0.2323000000000038
-2103.333813897592,0.2324000000000038
-2104.406819369213,0.2325000000000038
-2105.479363432977,0.2326000000000038
-2106.551446485537,0.23270000000000382
-2107.6230689230365,0.2328000000000038
-2108.6942311411085,0.2329000000000038
-2109.764933534877,0.23300000000000382
-2110.8351764989557,0.23310000000000383
-2111.9049604274524,0.23320000000000382
-2112.9742857139654,0.2333000000000038
-2114.0431527515907,0.23340000000000383
-2115.1115619329166,0.23350000000000384
-2116.179513650027,0.23360000000000383
-2117.2470082945033,0.23370000000000382
-2118.3140462574247,0.23380000000000384
-2119.380627929367,0.23390000000000385
-2120.446753700407,0.23400000000000384
-2121.5124239601205,0.23410000000000383
-2122.5776390975843,0.23420000000000385
-2123.6423995013783,0.23430000000000387
-2124.706705559581,0.23440000000000386
-2125.770557659779,0.23450000000000384
-2126.833956189061,0.23460000000000386
-2127.896901534021,0.23470000000000388
-2128.959394080757,0.23480000000000387
-2130.0214342148784,0.23490000000000386
-2131.083022321498,0.23500000000000387
-2132.1441587852396,0.2351000000000039
-2133.2048439902337,0.23520000000000388
-2134.265078320124,0.23530000000000387
-2135.3248621580633,0.23540000000000388
-2136.3841958867165,0.2355000000000039
-2137.4430798882613,0.2356000000000039
-2138.5015145443886,0.23570000000000388
-2139.559500236304,0.2358000000000039
-2140.6170373447285,0.2359000000000039
-2141.674126249897,0.2360000000000039
-2142.730767331565,0.2361000000000039
-2143.7869609690015,0.2362000000000039
-2144.8427075409963,0.23630000000000392
-2145.898007425857,0.2364000000000039
-2146.952861001413,0.2365000000000039
-2148.007268645013,0.23660000000000392
-2149.061230733528,0.23670000000000394
-2150.1147476433507,0.23680000000000392
-2151.1678197503984,0.2369000000000039
-2152.2204474301116,0.23700000000000393
-2153.2726310574553,0.23710000000000395
-2154.32437100692,0.23720000000000394
-2155.3756676525245,0.23730000000000392
-2156.4265213678136,0.23740000000000394
-2157.4769325258594,0.23750000000000396
-2158.5269014992637,0.23760000000000395
-2159.576428660158,0.23770000000000394
-2160.6255143802045,0.23780000000000395
-2161.6741590305955,0.23790000000000397
-2162.7223629820564,0.23800000000000396
-2163.7701266048452,0.23810000000000395
-2164.8174502687534,0.23820000000000396
-2165.864334343106,0.23830000000000398
-2166.9107791967645,0.23840000000000397
-2167.956785198125,0.23850000000000396
-2169.0023527151225,0.23860000000000398
-2170.0474821152275,0.238700000000004
-2171.0921737654485,0.23880000000000398
-2172.136428032334,0.23890000000000397
-2173.1802452819734,0.239000000000004
-2174.223625879994,0.239100000000004
-2175.2665701915657,0.239200000000004
-2176.3090785814015,0.23930000000000398
-2177.3511514137567,0.239400000000004
-2178.392789052429,0.23950000000000402
-2179.433991860762,0.239600000000004
-2180.474760201643,0.239700000000004
-2181.5150944375073,0.239800000000004
-2182.5549949303354,0.23990000000000403
-2183.5944620416544,0.24000000000000402
-2184.6334961325424,0.240100000000004
-2185.672097563624,0.24020000000000402
-2186.710266695074,0.24030000000000404
-2187.748003886618,0.24040000000000403
-2188.7853094975326,0.24050000000000402
-2189.822183886646,0.24060000000000403
-2190.858627412341,0.24070000000000405
-2191.89464043255,0.24080000000000404
-2192.930223304764,0.24090000000000403
-2193.965376386025,0.24100000000000404
-2195.000100032934,0.24110000000000406
-2196.034394601645,0.24120000000000405
-2197.068260447872,0.24130000000000404
-2198.101697926886,0.24140000000000406
-2199.134707393515,0.24150000000000407
-2200.167289202149,0.24160000000000406
-2201.199443706735,0.24170000000000405
-2202.2311712607843,0.24180000000000407
-2203.2624722173664,0.24190000000000408
-2204.293346929115,0.24200000000000407
-2205.3237957482256,0.24210000000000406
-2206.353819026459,0.24220000000000408
-2207.3834171151384,0.2423000000000041
-2208.412590365153,0.24240000000000408
-2209.441339126958,0.24250000000000407
-2210.469663750576,0.2426000000000041
-2211.4975645855943,0.2427000000000041
-2212.52504198117,0.2428000000000041
-2213.5520962860287,0.24290000000000408
-2214.578727848466,0.2430000000000041
-2215.6049370163455,0.24310000000000412
-2216.6307241371037,0.2432000000000041
-2217.6560895577477,0.2433000000000041
-2218.6810336248573,0.2434000000000041
-2219.7055566845847,0.24350000000000413
-2220.7296590826554,0.24360000000000412
-2221.75334116437,0.2437000000000041
-2222.776603274604,0.24380000000000412
-2223.799445757809,0.24390000000000414
-2224.821868958011,0.24400000000000413
-2225.843873218815,0.24410000000000412
-2226.8654588834047,0.24420000000000414
-2227.8866262945394,0.24430000000000415
-2228.907375794559,0.24440000000000414
-2229.9277077253846,0.24450000000000413
-2230.947622428516,0.24460000000000415
-2231.967120245035,0.24470000000000416
-2232.986201515604,0.24480000000000415
-2234.0048665804707,0.24490000000000414
-2235.023115779464,0.24500000000000416
-2236.040949451998,0.24510000000000418
-2237.0583679370698,0.24520000000000416
-2238.0753715732626,0.24530000000000415
-2239.091960698747,0.24540000000000417
-2240.1081356512786,0.2455000000000042
-2241.1238967681998,0.24560000000000418
-2242.1392443864434,0.24570000000000417
-2243.1541788425293,0.24580000000000418
-2244.168700472567,0.2459000000000042
-2245.1828096122554,0.2460000000000042
-2246.1965065968843,0.24610000000000418
-2247.2097917613373,0.2462000000000042
-2248.2226654400865,0.2463000000000042
-2249.235127967198,0.2464000000000042
-2250.247179676332,0.2465000000000042
-2251.258820900742,0.2466000000000042
-2252.270051973277,0.24670000000000422
-2253.2808732263793,0.2468000000000042
-2254.2912849920885,0.2469000000000042
-2255.301287602043,0.24700000000000422
-2256.3108813874737,0.24710000000000423
-2257.320066679213,0.24720000000000422
-2258.3288438076916,0.2473000000000042
-2259.337213102938,0.24740000000000423
-2260.345174894582,0.24750000000000424
-2261.352729511852,0.24760000000000423
-2262.3598772835803,0.24770000000000422
-2263.366618538199,0.24780000000000424
-2264.3729536037436,0.24790000000000426
-2265.3788828078514,0.24800000000000424
-2266.3844064777645,0.24810000000000423
-2267.3895249403304,0.24820000000000425
-2268.3942385220003,0.24830000000000427
-2269.39854754883,0.24840000000000426
-2270.4024523464836,0.24850000000000425
-2271.4059532402316,0.24860000000000426
-2272.409050554952,0.24870000000000428
-2273.4117446151295,0.24880000000000427
-2274.4140357448605,0.24890000000000426
-2275.4159242678484,0.24900000000000427
-2276.4174105074076,0.2491000000000043
-2277.4184947864633,0.24920000000000428
-2278.4191774275514,0.24930000000000427
-2279.4194587528214,0.24940000000000428
-2280.4193390840333,0.2495000000000043
-2281.4188187425607,0.2496000000000043
-2282.4178980493925,0.24970000000000428
-2283.4165773251307,0.2498000000000043
-2284.4148568899923,0.2499000000000043
-2285.4127370638107,0.25000000000000433
-2286.4102181660346,0.2501000000000043
-2287.4073005157306,0.2502000000000043
-2288.4039844315826,0.2503000000000043
-2289.400270231892,0.2504000000000043
-2290.39615823458,0.2505000000000043
-2291.391648757186,0.2506000000000043
-2292.38674211687,0.25070000000000436
-2293.3814386304116,0.25080000000000435
-2294.375738614213,0.25090000000000434
-2295.369642384297,0.25100000000000433
-2296.36315025631,0.2511000000000043
-2297.3562625455197,0.2512000000000043
-2298.3489795668183,0.2513000000000043
-2299.3413016347235,0.25140000000000434
-2300.333229063375,0.2515000000000044
-2301.324762166539,0.2516000000000044
-2302.315901257608,0.25170000000000436
-2303.306646649602,0.25180000000000435
-2304.296998655165,0.25190000000000434
-2305.2869575865734,0.25200000000000433
-2306.276523755727,0.2521000000000043
-2307.265697474158,0.25220000000000437
-2308.254479053027,0.2523000000000044
-2309.242868803123,0.2524000000000044
-2310.2308670348693,0.2525000000000044
-2311.2184740583166,0.2526000000000044
-2312.20569018315,0.25270000000000437
-2313.192515718687,0.25280000000000435
-2314.1789509738765,0.25290000000000434
-2315.164996257302,0.2530000000000044
-2316.1506518771816,0.25310000000000443
-2317.135918141366,0.2532000000000044
-2318.1207953573444,0.2533000000000044
-2319.105283832239,0.2534000000000044
-2320.0893838728107,0.2535000000000044
-2321.0730957854557,0.2536000000000044
-2322.0564198762095,0.25370000000000437
-2323.0393564507444,0.2538000000000044
-2324.021905814372,0.25390000000000446
-2325.004068272043,0.25400000000000444
-2325.9858441283477,0.25410000000000443
-2326.9672336875174,0.2542000000000044
-2327.9482372534253,0.2543000000000044
-2328.928855129585,0.2544000000000044
-2329.9090876191513,0.2545000000000044
-2330.8889350249246,0.25460000000000443
-2331.8683976493458,0.2547000000000045
-2332.8474757945005,0.25480000000000447
-2333.826169762119,0.25490000000000446
-2334.804479853577,0.25500000000000445
-2335.7824063698945,0.25510000000000443
-2336.759949611739,0.2552000000000044
-2337.7371098794233,0.2553000000000044
-2338.713887472909,0.25540000000000446
-2339.690282691802,0.2555000000000045
-2340.666295835361,0.2556000000000045
-2341.64192720249,0.2557000000000045
-2342.6171770917445,0.25580000000000447
-2343.5920458013297,0.25590000000000446
-2344.566533629099,0.25600000000000445
-2345.54064087256,0.25610000000000444
-2346.51436782887,0.2562000000000045
-2347.487714794839,0.2563000000000045
-2348.4606820669296,0.2564000000000045
-2349.433269941256,0.2565000000000045
-2350.4054787135897,0.2566000000000045
-2351.3773086793526,0.2567000000000045
-2352.3487601336246,0.25680000000000447
-2353.3198333711384,0.25690000000000446
-2354.290528686285,0.2570000000000045
-2355.26084637311,0.25710000000000455
-2356.2307867253153,0.25720000000000454
-2357.2003500362625,0.2573000000000045
-2358.169536598971,0.2574000000000045
-2359.138346706116,0.2575000000000045
-2360.106780650036,0.2576000000000045
-2361.074838722725,0.2577000000000045
-2362.04252121584,0.2578000000000045
-2363.0098284206983,0.25790000000000457
-2363.9767606282758,0.25800000000000456
-2364.9433181292134,0.25810000000000455
-2365.9095012138123,0.25820000000000454
-2366.8753101720376,0.2583000000000045
-2367.840745293517,0.2584000000000045
-2368.8058068675427,0.2585000000000045
-2369.77049518307,0.25860000000000455
-2370.7348105287206,0.2587000000000046
-2371.698753192779,0.2588000000000046
-2372.6623234631984,0.25890000000000457
-2373.625521627598,0.25900000000000456
-2374.588347973262,0.25910000000000455
-2375.550802787144,0.25920000000000454
-2376.512886355865,0.2593000000000045
-2377.474598965714,0.25940000000000457
-2378.4359409026492,0.2595000000000046
-2379.396912452298,0.2596000000000046
-2380.3575138999577,0.2597000000000046
-2381.3177455305977,0.2598000000000046
-2382.2776076288565,0.25990000000000457
-2383.237100479045,0.26000000000000456
-2384.196224365145,0.26010000000000455
-2385.1549795708133,0.2602000000000046
-2386.1133663793776,0.26030000000000464
-2387.0713850738384,0.26040000000000463
-2388.029035936873,0.2605000000000046
-2388.986319250831,0.2606000000000046
-2389.9432352977374,0.2607000000000046
-2390.8997843592942,0.2608000000000046
-2391.855966716877,0.2609000000000046
-2392.8117826515404,0.2610000000000046
-2393.7672324440146,0.26110000000000466
-2394.722316374706,0.26120000000000465
-2395.6770347237025,0.26130000000000464
-2396.631387770767,0.26140000000000463
-2397.585375795343,0.2615000000000046
-2398.5389990765543,0.2616000000000046
-2399.4922578932037,0.2617000000000046
-2400.445152523774,0.26180000000000464
-2401.3976832464296,0.2619000000000047
-2402.3498503390156,0.2620000000000047
-2403.3016540790604,0.26210000000000466
-2404.253094743773,0.26220000000000465
-2405.204172610047,0.26230000000000464
-2406.1548879544584,0.26240000000000463
-2407.1052410532675,0.2625000000000046
-2408.055232182419,0.26260000000000466
-2409.004861617542,0.2627000000000047
-2409.9541296339494,0.2628000000000047
-2410.9030365066437,0.2629000000000047
-2411.8515825103104,0.2630000000000047
-2412.799767919323,0.26310000000000466
-2413.7475930077417,0.26320000000000465
-2414.6950580493153,0.26330000000000464
-2415.64216331748,0.2634000000000047
-2416.5889090853607,0.26350000000000473
-2417.5352956257702,0.2636000000000047
-2418.4813232112137,0.2637000000000047
-2419.4269921138844,0.2638000000000047
-2420.372302605666,0.2639000000000047
-2421.3172549581345,0.2640000000000047
-2422.261849442556,0.26410000000000466
-2423.20608632989,0.2642000000000047
-2424.149965890786,0.26430000000000475
-2425.093488395588,0.26440000000000474
-2426.0366541143335,0.26450000000000473
-2426.979463316753,0.2646000000000047
-2427.921916272272,0.2647000000000047
-2428.8640132500104,0.2648000000000047
-2429.8057545187826,0.2649000000000047
-2430.7471403471,0.26500000000000473
-2431.688171003169,0.2651000000000048
-2432.6288467548916,0.26520000000000477
-2433.5691678698695,0.26530000000000475
-2434.5091346153995,0.26540000000000474
-2435.448747258478,0.26550000000000473
-2436.3880060657975,0.2656000000000047
-2437.3269113037522,0.2657000000000047
-2438.2654632384347,0.26580000000000475
-2439.2036621356356,0.2659000000000048
-2440.141508260846,0.2660000000000048
-2441.0790018792595,0.2661000000000048
-2442.0161432557697,0.26620000000000477
-2442.9529326549723,0.26630000000000476
-2443.889370341163,0.26640000000000474
-2444.8254565783436,0.26650000000000473
-2445.761191630215,0.2666000000000048
-2446.696575760184,0.2667000000000048
-2447.631609231358,0.2668000000000048
-2448.566292306552,0.2669000000000048
-2449.500625248285,0.2670000000000048
-2450.4346083187797,0.2671000000000048
-2451.3682417799655,0.26720000000000477
-2452.3015258934774,0.26730000000000476
-2453.234460920657,0.2674000000000048
-2454.1670471225525,0.26750000000000485
-2455.099284759918,0.26760000000000483
-2456.0311740932184,0.2677000000000048
-2456.962715382624,0.2678000000000048
-2457.893908888016,0.2679000000000048
-2458.824754868983,0.2680000000000048
-2459.7552535848226,0.2681000000000048
-2460.6854052945455,0.2682000000000048
-2461.6152102568685,0.26830000000000487
-2462.544668730222,0.26840000000000486
-2463.473780972745,0.26850000000000485
-2464.4025472422923,0.26860000000000483
-2465.330967796427,0.2687000000000048
-2466.2590428924264,0.2688000000000048
-2467.1867727872805,0.2689000000000048
-2468.114157737692,0.26900000000000485
-2469.041198000078,0.2691000000000049
-2469.9678938305697,0.2692000000000049
-2470.8942454850126,0.26930000000000487
-2471.8202532189675,0.26940000000000486
-2472.7459172877107,0.26950000000000485
-2473.6712379462347,0.26960000000000484
-2474.596215449247,0.2697000000000048
-2475.5208500511753,0.26980000000000487
-2476.4451420061587,0.2699000000000049
-2477.369091568059,0.2700000000000049
-2478.292698990452,0.2701000000000049
-2479.2159645266365,0.2702000000000049
-2480.1388884296266,0.27030000000000487
-2481.0614709521565,0.27040000000000486
-2481.98371234668,0.27050000000000485
-2482.905612865372,0.2706000000000049
-2483.827172760126,0.27070000000000494
-2484.7483922825577,0.2708000000000049
-2485.6692716840043,0.2709000000000049
-2486.589811215523,0.2710000000000049
-2487.510011127896,0.2711000000000049
-2488.4298716716253,0.2712000000000049
-2489.349393096937,0.27130000000000487
-2490.268575653782,0.2714000000000049
-2491.1874195918317,0.27150000000000496
-2492.105925160484,0.27160000000000495
-2493.0240926088604,0.27170000000000494
-2493.941922185808,0.2718000000000049
-2494.8594141399,0.2719000000000049
-2495.776568719433,0.2720000000000049
-2496.693386172432,0.2721000000000049
-2497.6098667466485,0.27220000000000494
-2498.5260106895594,0.272300000000005
-2499.44181824837,0.27240000000000497
-2500.357289670013,0.27250000000000496
-2501.272425201151,0.27260000000000495
-2502.187225088172,0.27270000000000494
-2503.1016895771963,0.2728000000000049
-2504.0158189140716,0.2729000000000049
-2504.9296133443763,0.27300000000000496
-2505.8430731134185,0.273100000000005
-2506.756198466236,0.273200000000005
-2507.668989647599,0.273300000000005
-2508.5814469020092,0.273400000000005
-2509.493570473699,0.27350000000000496
-2510.405360606633,0.27360000000000495
-2511.31681754451,0.27370000000000494
-2512.22794153076,0.273800000000005
-2513.138732808546,0.27390000000000503
-2514.049191620766,0.274000000000005
-2514.959318210052,0.274100000000005
-2515.8691128187693,0.274200000000005
-2516.77857568902,0.274300000000005
-2517.6877070626397,0.274400000000005
-2518.5965071812,0.27450000000000496
-2519.5049762860103,0.274600000000005
-2520.4131146181135,0.27470000000000505
-2521.320922418291,0.27480000000000504
-2522.2283999270617,0.27490000000000503
-2523.1355473846806,0.275000000000005
-2524.0423650311423,0.275100000000005
-2524.948853106179,0.275200000000005
-2525.8550118492617,0.275300000000005
-2526.7608414996002,0.27540000000000503
-2527.6663422961446,0.2755000000000051
-2528.571514477583,0.27560000000000506
-2529.4763582823457,0.27570000000000505
-2530.380873948602,0.27580000000000504
-2531.285061714265,0.27590000000000503
-2532.1889218169854,0.276000000000005
-2533.092454494157,0.276100000000005
-2533.9956599829193,0.27620000000000505
-2534.8985385201477,0.2763000000000051
-2535.801090342465,0.2764000000000051
-2536.7033156862362,0.2765000000000051
-2537.60521478757,0.27660000000000506
-2538.506787882318,0.27670000000000505
-2539.4080352060773,0.27680000000000504
-2540.3089569941903,0.27690000000000503
-2541.2095534817427,0.2770000000000051
-2542.1098249035667,0.2771000000000051
-2543.0097714942394,0.2772000000000051
-2543.9093934880852,0.2773000000000051
-2544.808691119175,0.2774000000000051
-2545.7076646213254,0.2775000000000051
-2546.606314228102,0.27760000000000506
-2547.5046401728164,0.27770000000000505
-2548.4026426885293,0.2778000000000051
-2549.3003220080495,0.27790000000000514
-2550.197678363934,0.27800000000000513
-2551.0947119884886,0.2781000000000051
-2551.9914231137705,0.2782000000000051
-2552.8878119715846,0.2783000000000051
-2553.783878793487,0.2784000000000051
-2554.6796238107845,0.2785000000000051
-2555.575047254534,0.2786000000000051
-2556.4701493555444,0.27870000000000517
-2557.364930344375,0.27880000000000515
-2558.2593904513383,0.27890000000000514
-2559.153529906499,0.27900000000000513
-2560.0473489396736,0.2791000000000051
-2560.9408477804323,0.2792000000000051
-2561.834026658099,0.2793000000000051
-2562.7268858017505,0.27940000000000514
-2563.619425440218,0.2795000000000052
-2564.5116458020875,0.2796000000000052
-2565.403547115699,0.27970000000000517
-2566.295129609148,0.27980000000000516
-2567.1863935102856,0.27990000000000514
-2568.0773390467193,0.28000000000000513
-2568.9679664458117,0.2801000000000051
-2569.8582759346828,0.28020000000000517
-2570.7482677402095,0.2803000000000052
-2571.637942089023,0.2804000000000052
-2572.5272992075165,0.2805000000000052
-2573.4163393218396,0.2806000000000052
-2574.3050626578984,0.28070000000000517
-2575.1934694413603,0.28080000000000516
-2576.0815598976487,0.28090000000000515
-2576.96933425195,0.2810000000000052
-2577.8567927292065,0.28110000000000523
-2578.743935554122,0.2812000000000052
-2579.630762951161,0.2813000000000052
-2580.517275144549,0.2814000000000052
-2581.40347235827,0.2815000000000052
-2582.2893548160737,0.2816000000000052
-2583.174922741467,0.28170000000000517
-2584.0601763577224,0.2818000000000052
-2584.9451158878724,0.28190000000000526
-2585.8297415547117,0.28200000000000525
-2586.7140535808007,0.28210000000000524
-2587.598052188461,0.2822000000000052
-2588.481737599779,0.2823000000000052
-2589.3651100366046,0.2824000000000052
-2590.248169720552,0.2825000000000052
-2591.1309168730013,0.28260000000000524
-2592.0133517150957,0.2827000000000053
-2592.895474467744,0.28280000000000527
-2593.7772853516226,0.28290000000000526
-2594.6587845871713,0.28300000000000525
-2595.5399723945993,0.28310000000000524
-2596.42084899388,0.2832000000000052
-2597.3014146047553,0.2833000000000052
-2598.1816694467334,0.28340000000000526
-2599.0616137390903,0.2835000000000053
-2599.9412477008705,0.2836000000000053
-2600.820571550886,0.2837000000000053
-2601.69958550772,0.28380000000000527
-2602.5782897897207,0.28390000000000526
-2603.4566846150083,0.28400000000000525
-2604.3347702014726,0.28410000000000524
-2605.2125467667724,0.2842000000000053
-2606.090014528337,0.2843000000000053
-2606.967173703366,0.2844000000000053
-2607.844024508832,0.2845000000000053
-2608.7205671614747,0.2846000000000053
-2609.59680187781,0.2847000000000053
-2610.472728874123,0.28480000000000527
-2611.348348366471,0.28490000000000526
-2612.2236605706858,0.2850000000000053
-2613.0986657023695,0.28510000000000535
-2613.9733639768983,0.28520000000000534
-2614.8477556094226,0.2853000000000053
-2615.7218408148665,0.2854000000000053
-2616.5956198079266,0.2855000000000053
-2617.469092803077,0.2856000000000053
-2618.342260014564,0.2857000000000053
-2619.215121656409,0.2858000000000053
-2620.0876779424107,0.28590000000000537
-2620.959929086141,0.28600000000000536
-2621.83187530095,0.28610000000000535
-2622.7035167999625,0.28620000000000534
-2623.5748537960817,0.28630000000000533
-2624.4458865019856,0.2864000000000053
-2625.316615130131,0.2865000000000053
-2626.1870398927526,0.28660000000000535
-2627.057161001862,0.2867000000000054
-2627.926978669248,0.2868000000000054
-2628.79649310648,0.2869000000000054
-2629.665704524905,0.28700000000000536
-2630.53461313565,0.28710000000000535
-2631.4032191496203,0.28720000000000534
-2632.2715227775016,0.28730000000000533
-2633.139524229761,0.2874000000000054
-2634.0072237166423,0.2875000000000054
-2634.8746214481735,0.2876000000000054
-2635.7417176341605,0.2877000000000054
-2636.6085124841948,0.2878000000000054
-2637.4750062076446,0.2879000000000054
-2638.341199013663,0.28800000000000536
-2639.207091111185,0.28810000000000535
-2640.072682708927,0.2882000000000054
-2640.9379740153886,0.28830000000000544
-2641.8029652388523,0.28840000000000543
-2642.667656587385,0.2885000000000054
-2643.532048268836,0.2886000000000054
-2644.3961404908396,0.2887000000000054
-2645.2599334608135,0.2888000000000054
-2646.12342738596,0.2889000000000054
-2646.9866224732687,0.2890000000000054
-2647.84951892951,0.28910000000000546
-2648.7121169612424,0.28920000000000545
-2649.57441677481,0.28930000000000544
-2650.436418576344,0.28940000000000543
-2651.298122571759,0.2895000000000054
-2652.159528966759,0.2896000000000054
-2653.0206379668343,0.2897000000000054
-2653.881449777262,0.28980000000000544
-2654.7419646031058,0.2899000000000055
-2655.602182649219,0.2900000000000055
-2656.462104120242,0.29010000000000546
-2657.3217292206045,0.29020000000000545
-2658.1810581545237,0.29030000000000544
-2659.0400911260067,0.29040000000000543
-2659.89882833885,0.2905000000000054
-2660.7572699966386,0.29060000000000547
-2661.615416302748,0.2907000000000055
-2662.4732674603442,0.2908000000000055
-2663.3308236723833,0.2909000000000055
-2664.1880851416117,0.2910000000000055
-2665.0450520705676,0.29110000000000547
-2665.9017246615804,0.29120000000000545
-2666.75810311677,0.29130000000000544
-2667.614187638051,0.2914000000000055
-2668.469978427127,0.29150000000000553
-2669.3254756854944,0.2916000000000055
-2670.1806796144438,0.2917000000000055
-2671.035590415059,0.2918000000000055
-2671.890208288215,0.2919000000000055
-2672.7445334345825,0.2920000000000055
-2673.5985660546257,0.29210000000000547
-2674.452306348602,0.2922000000000055
-2675.305754516564,0.29230000000000556
-2676.1589107583577,0.29240000000000554
-2677.0117752736264,0.29250000000000553
-2677.8643482618063,0.2926000000000055
-2678.7166299221317,0.2927000000000055
-2679.56862045363,0.2928000000000055
-2680.4203200551274,0.2929000000000055
-2681.271728925244,0.29300000000000553
-2682.1228472623984,0.2931000000000056
-2682.973675264804,0.29320000000000557
-2683.8242131304746,0.29330000000000556
-2684.6744610572187,0.29340000000000555
-2685.524419242644,0.29350000000000553
-2686.374087884156,0.2936000000000055
-2687.223467178958,0.2937000000000055
-2688.072557324053,0.29380000000000556
-2688.921358516242,0.2939000000000056
-2689.7698709521246,0.2940000000000056
-2690.6180948281008,0.2941000000000056
-2691.4660303403703,0.29420000000000557
-2692.313677684932,0.29430000000000556
-2693.1610370575863,0.29440000000000555
-2694.008108653934,0.29450000000000554
-2694.8548926693743,0.2946000000000056
-2695.701389299111,0.2947000000000056
-2696.547598738145,0.2948000000000056
-2697.3935211812827,0.2949000000000056
-2698.2391568231315,0.2950000000000056
-2699.084505858099,0.2951000000000056
-2699.9295684803974,0.29520000000000557
-2700.77434488404,0.29530000000000556
-2701.6188352628446,0.2954000000000056
-2702.463039810431,0.29550000000000565
-2703.3069587202212,0.29560000000000564
-2704.150592185444,0.2957000000000056
-2704.9939403991307,0.2958000000000056
-2705.8370035541157,0.2959000000000056
-2706.679781843041,0.2960000000000056
-2707.522275458349,0.2961000000000056
-2708.3644845922922,0.2962000000000056
-2709.2064094369243,0.29630000000000567
-2710.0480501841057,0.29640000000000566
-2710.8894070255037,0.29650000000000565
-2711.7304801525916,0.29660000000000564
-2712.571269756647,0.2967000000000056
-2713.4117760287572,0.2968000000000056
-2714.2519991598133,0.2969000000000056
-2715.0919393405175,0.29700000000000565
-2715.931596761374,0.2971000000000057
-2716.7709716126997,0.2972000000000057
-2717.6100640846166,0.29730000000000567
-2718.4488743670554,0.29740000000000566
-2719.2874026497557,0.29750000000000565
-2720.1256491222657,0.29760000000000564
-2720.9636139739423,0.2977000000000056
-2721.801297393953,0.29780000000000567
-2722.6386995712724,0.2979000000000057
-2723.475820694685,0.2980000000000057
-2724.312660952787,0.2981000000000057
-2725.149220533985,0.2982000000000057
-2725.985499626494,0.29830000000000567
-2726.8214984183414,0.29840000000000566
-2727.6572170973645,0.29850000000000565
-2728.492655851214,0.2986000000000057
-2729.327814867349,0.29870000000000574
-2730.162694333042,0.2988000000000057
-2730.9972944353776,0.2989000000000057
-2731.831615361253,0.2990000000000057
-2732.6656572973766,0.2991000000000057
-2733.4994204302707,0.2992000000000057
-2734.33290494627,0.2993000000000057
-2735.166111031524,0.2994000000000057
-2735.9990388719925,0.29950000000000576
-2736.8316886534526,0.29960000000000575
-2737.664060561492,0.29970000000000574
-2738.4961547815155,0.29980000000000573
-2739.3279714987416,0.2999000000000057
