Temperature,Internal energy,Cv
10.0,0.0027092620563674156,0.00014110614093027426
10.99099099099099,0.0028490969708028224,0.00019949104173338952
11.981981981981981,0.003104649706649809,0.0002579252352940594
12.972972972972972,0.003360300139854111,0.0002580133022520093
13.963963963963964,0.0036160274228249634,0.0002580831273290031
14.954954954954955,0.003871816248073756,0.00025813942997186573
15.945945945945946,0.004127655121868301,0.0002581854943057276
16.936936936936938,0.004383535245796821,0.00025822366347769696
17.92792792792793,0.004639449770202475,0.00025825564594675766
18.91891891891892,0.0048953932828084135,0.0002582827113732644
19.90990990990991,0.005151361450401737,0.0002583058193517526
20.9009009009009,0.005407350762604679,0.0002583257061099559
21.89189189189189,0.0056633583453944425,0.00025834294416787057
22.882882882882882,0.0059193818231175754,0.00025835798418289736
23.873873873873876,0.006175419214946132,0.00025837118482464026
24.864864864864863,0.006431468856103351,0.0002583828344400233
25.855855855855857,0.00668752933725969,0.0002583931669716279
26.846846846846848,0.00694359945730838,0.00025840237383395557
27.83783783783784,0.007199678186299963,0.0002584106128831077
28.82882882882883,0.007455764635995621,0.00025841801523011
29.81981981981982,0.0077118580363055855,0.000258424690492053
30.81081081081081,0.00796795771625014,0.0002584307309094801
31.8018018018018,0.008224063088558609,0.0002584362145406291
32.792792792792795,0.008480173636961297,0.00025844120777990427
33.78378378378378,0.008736288905780043,0.00025844576743539686
34.77477477477477,0.008992408491337756,0.00025844994232060957
35.765765765765764,0.009248532034703771,0.0002584537745397072
36.75675675675676,0.00950465921565069,0.00025845730059527623
37.74774774774775,0.009760789747595311,0.0002584605522791923
38.73873873873874,0.010016923373321163,0.0002584635573466129
39.729729729729726,0.010273059861255263,0.0002584663401003261
40.72072072072072,0.010529199002348832,0.0002584689219607703
41.711711711711715,0.010785340607483818,0.00025847132183171376
42.7027027027027,0.011041484505078358,0.0002584735564121407
43.693693693693696,0.01129763053911148,0.0002584756405439861
44.68468468468468,0.011553778567417794,0.00025847758743802966
45.67567567567568,0.011809928460159824,0.00025847940887101847
46.666666666666664,0.01206608009851351,0.00025848111541874885
47.65765765765766,0.012322233373602387,0.00025848271655997714
48.648648648648646,0.012578388185389144,0.0002584842207660988
49.63963963963964,0.012834544441787443,0.0002584856357305317
50.63063063063063,0.013090702058008219,0.00025848696836519146
51.62162162162162,0.013346860955664397,0.0002584882249402516
52.612612612612615,0.013603021062394305,0.0002584894111487164
53.6036036036036,0.013859182311094287,0.0002584905321171534
54.5945945945946,0.014115344639563432,0.0002584915925777651
55.585585585585584,0.014371507990077248,0.00025849259680390136
56.57657657657658,0.014627672308904494,0.0002584935486888689
57.567567567567565,0.01488383754603717,0.0002584944518105219
58.55855855855856,0.015140003654835255,0.0002584953094383778
59.549549549549546,0.015396170591770897,0.0002584961246125412
60.54054054054054,0.015652338316229475,0.00025849690004326256
61.53153153153153,0.015908506790054844,0.0002584976382902556
62.52252252252252,0.016164675977705656,0.00025849834173395647
63.513513513513516,0.01642084584574377,0.0002584990124465097
64.5045045045045,0.016677016362734776,0.0002584996524785353
65.4954954954955,0.016933187499304836,0.0002585002636942453
66.48648648648648,0.017189359227714363,0.00025850084777859217
67.47747747747748,0.01744553152192907,0.0002585014062946346
68.46846846846847,0.017701704357307335,0.0002585019407050672
69.45945945945945,0.017957877710713888,0.0002585024524080406
70.45045045045045,0.01821405156027822,0.0002585029426869813
71.44144144144144,0.01847022588540881,0.00025850341266042513
72.43243243243242,0.018726400666452037,0.00025850386348273517
73.42342342342343,0.018982575885104325,0.0002585042962079138
74.41441441441441,0.019238751523801056,0.0002585047116963595
75.4054054054054,0.019494927565943954,0.0002585051109518701
76.3963963963964,0.01975110399595792,0.0002585054947774959
77.38738738738739,0.02000728079883629,0.0002585058638472186
78.37837837837837,0.020263457960339792,0.00025850621907879713
79.36936936936937,0.02051963546728075,0.00025850656114621146
80.36036036036036,0.020775813306755708,0.00025850689053702816
81.35135135135135,0.02103199146654333,0.00025850720796825183
82.34234234234233,0.02128816993516125,0.00025850751404215763
83.33333333333333,0.02154434870158184,0.00025850780924630695
84.32432432432432,0.021800527755289067,0.00025850809408260733
85.31531531531532,0.02205670708625007,0.00025850836906729686
86.30630630630631,0.022312886684972,0.0002585086346592585
87.29729729729729,0.022569066542331484,0.0002585088911883117
88.28828828828829,0.022825246649489372,0.0002585091391706963
89.27927927927928,0.023081426998345478,0.00025850937896491726
90.27027027027027,0.02333760758077119,0.00025850961081475346
91.26126126126125,0.023593788389149495,0.00025850983523644823
92.25225225225225,0.02384996941637496,0.00025851005244509687
93.24324324324324,0.024106150655256897,0.0002585102627561866
94.23423423423424,0.024362332099315154,0.0002585104664565175
95.22522522522523,0.024618513741927472,0.000258510663818547
96.21621621621621,0.024874695577153716,0.00025851085515775883
97.2072072072072,0.025130877598996904,0.00025851104061755045
98.1981981981982,0.025387059801801115,0.0002585112204990664
99.1891891891892,0.025643242180166226,0.00025851139506042654
100.18018018018017,0.025899424728947906,0.000258511564488053
101.17117117117117,0.026155607443115514,0.00025851172886797585
102.16216216216216,0.02641179031769525,0.0002585118884726699
103.15315315315316,0.026667973348196483,0.00025851204363195115
104.14414414414414,0.026924156530299115,0.0002585121943458196
105.13513513513513,0.027180339859512515,0.0002585123407003072
106.12612612612612,0.027436523331687113,0.000258512483010908
107.11711711711712,0.027692706942957557,0.00025851262147837464
108.10810810810811,0.02794889068957218,0.00025851275613139255
109.09909909909909,0.028205074567722477,0.0002585128871420376
110.09009009009009,0.02846125857399784,0.00025851301462502876
111.08108108108108,0.02871744270481713,0.00025851313860905147
112.07207207207207,0.028973626956826593,0.0002585132593522256
113.06306306306305,0.02922981132695668,0.0002585133769692719
114.05405405405405,0.029485995812081,0.0002585134915462223
115.04504504504504,0.029742180409300545,0.00025851360322648627
116.03603603603604,0.02999836511577314,0.0002585137120100639
117.02702702702703,0.030254549928599772,0.0002585138179256319
118.01801801801801,0.030510734844995113,0.00025851392128867397
119.009009009009,0.030766919862685427,0.00025851402215654185
120.0,0.031023104978999072,0.0002585141204432054
120.990990990991,0.03127929019149178,0.0002585142162920655
121.98198198198197,0.03153547549777613,0.0002585143098751963
122.97297297297297,0.03179166089574892,0.00025851440124995476
123.96396396396396,0.0320478463831364,0.0002585144903589909
124.95495495495496,0.03230403195772169,0.0002585145772596546
125.94594594594594,0.03256021761734473,0.0002585146622387652
126.93693693693693,0.03281640336035707,0.0002585147453249767
127.92792792792793,0.0330725891846555,0.00025851482643226426
128.9189189189189,0.033328775088421025,0.00025851490558930976
129.9099099099099,0.03358496106960729,0.0002585149829681943
130.9009009009009,0.03384114712673636,0.00025851505868362823
131.89189189189187,0.03409733325798925,0.0002585151325922089
132.88288288288288,0.03435351946160381,0.0002585152048660312
133.8738738738739,0.034609705736102114,0.0002585152755624556
134.86486486486484,0.0348658920798357,0.00025851534468147516
135.85585585585585,0.03512207849132665,0.0002585154123377932
136.84684684684686,0.03537826496915386,0.0002585154786174833
137.83783783783784,0.035634451512009946,0.0002585155433771254
138.82882882882882,0.0358906381181896,0.00025851560664539447
139.81981981981983,0.036146824786442266,0.00025851566870910975
140.8108108108108,0.03640301151563108,0.00025851572945354354
141.8018018018018,0.03665919830427811,0.0002585157888213181
142.7927927927928,0.036915385151132796,0.0002585158470992596
143.78378378378378,0.03717157205528565,0.00025851590411527306
144.77477477477478,0.03742775901514506,0.0002585159599840896
145.76576576576576,0.03768394603002889,0.00025851601487778333
146.75675675675674,0.0379401330986866,0.000258516068337461
147.74774774774775,0.03819632021952657,0.00025851612076466593
148.73873873873873,0.03845250739209405,0.00025851617233146537
149.72972972972974,0.038708694615138484,0.0002585162228084248
150.72072072072072,0.03896488188775038,0.000258516272310258
151.7117117117117,0.039221069208906556,0.00025851632089432183
152.7027027027027,0.039477256577811204,0.0002585163683311957
153.6936936936937,0.039733443992986395,0.0002585164150223779
154.68468468468467,0.03998963145443213,0.0002585164609105149
155.67567567567568,0.04024581896055679,0.00025851650565145504
156.66666666666666,0.04050200651067826,0.0002585165496467104
157.65765765765767,0.04075819410400072,0.0002585165929536483
158.64864864864865,0.04101438173995575,0.00025851663551489795
159.63963963963963,0.04127056941763385,0.000258516677043661
160.63063063063063,0.04152675713589815,0.0002585167178267532
161.6216216216216,0.04178294489440759,0.0002585167579788744
162.61261261261262,0.04203913269225268,0.0002585167973853178
163.6036036036036,0.04229532052886498,0.00025851683593135916
164.59459459459458,0.04255150840310762,0.0002585168737890692
165.5855855855856,0.04280769631475323,0.00025851691118791015
166.57657657657657,0.04306388426311969,0.00025851694789842325
167.56756756756755,0.04332007224752488,0.0002585169838632516
168.55855855855856,0.043576260267172984,0.0002585170190824021
169.54954954954954,0.04383244832138189,0.00025851705378530584
170.54054054054055,0.04408863640981053,0.0002585170879719767
171.53153153153153,0.044344824531776794,0.0002585171214703197
172.5225225225225,0.04460101268659855,0.00025851715456713664
173.51351351351352,0.04485720087416212,0.0002585171869182827
174.5045045045045,0.04511338909310325,0.0002585172185237336
175.4954954954955,0.045369577343308265,0.0002585172499571173
176.48648648648648,0.045625765624549786,0.00025851728093161455
177.47747747747746,0.04588195393614569,0.0002585173111030632
178.46846846846847,0.04613814227718649,0.0002585173406435583
179.45945945945945,0.04639433064733112,0.0002585173700119618
180.45045045045046,0.046650519046579575,0.00025851739880677557
181.44144144144144,0.046906707473794995,0.00025851742708534256
182.43243243243242,0.047162895929091064,0.00025851745507710425
183.42342342342343,0.04741908441178566,0.00025851748238055194
184.4144144144144,0.047675272921196665,0.00025851750928248055
185.4054054054054,0.04793146145721039,0.00025851753595495727
186.3963963963964,0.04818765001948577,0.0002585175621685615
187.38738738738738,0.04844383860745438,0.00025851758769383434
188.3783783783784,0.04870002722032041,0.0002585176128175985
189.36936936936937,0.04895621585808385,0.0002585176378839954
190.36036036036035,0.049212404520631026,0.000258517662434149
191.35135135135135,0.049468593207052436,0.0002585176865254231
192.34234234234233,0.04972478191734808,0.000258517710272535
193.33333333333334,0.04998097065083584,0.00025851773356077093
194.32432432432432,0.050237159407288345,0.0002585177566195654
195.3153153153153,0.050493348186478215,0.00025851777944890797
196.3063063063063,0.05074953698817808,0.00025851780176202113
197.2972972972973,0.05100572581159213,0.0002585178237309721
198.28828828828827,0.05126191465683405,0.000258517845527835
199.27927927927928,0.0515181035234491,0.0002585178667511012
200.27027027027026,0.05177429241075515,0.00025851788774492596
201.26126126126127,0.05203048131897958,0.00025851790862402996
202.25225225225225,0.052286670247667644,0.0002585179290442545
203.24324324324323,0.05254285919636459,0.00025851794912031337
204.23423423423424,0.05279904816484304,0.0002585179689669377
205.22522522522522,0.053055237152875634,0.00025851798835467565
206.21621621621622,0.05331142615978024,0.00025851800762769633
207.2072072072072,0.05356761518601161,0.000258518026900717
208.19819819819818,0.05382380423111499,0.00025851804525596836
209.1891891891892,0.05407999329372615,0.0002585180638406716
210.18018018018017,0.054336182375664066,0.00025851808231064366
211.17117117117118,0.054592371474882384,0.0002585180999775845
212.16216216216216,0.05484856059183585,0.0002585181177592391
213.15315315315314,0.055104749726297086,0.00025851813508200733
214.14414414414415,0.055360938877583976,0.0002585181524047825
215.13513513513513,0.05561712804637864,0.0002585181696128404
216.1261261261261,0.05587331723177158,0.000258518185903122
217.11711711711712,0.056129506432853304,0.00025851820242285897
218.1081081081081,0.056385695650988055,0.00025851821871314407
219.0990990990991,0.05664188488435684,0.00025851823488871883
220.0900900900901,0.05689807413455128,0.00025851825117901087
221.08108108108107,0.05715426340020713,0.00025851826643681283
222.07207207207207,0.057410452680642265,0.0002585182816946252
223.06306306306305,0.05766664197653881,0.00025851829683770644
224.05405405405406,0.057922831286987275,0.0002585183117513566
225.04504504504504,0.0581790206124424,0.0002585183270091655
226.03603603603602,0.05843520995313156,0.0002585183415786431
227.02702702702703,0.058691399307463143,0.0002585183559186896
228.018018018018,0.058947588676574014,0.0002585183702587396
229.009009009009,0.059203778059327306,0.0002585183839104582
230.0,0.059459967455495644,0.00025851839790634254
230.99099099099098,0.05971615686598852,0.0002585184119022234
231.981981981982,0.05997234628989645,0.00025851842520979024
232.97297297297297,0.060228535726764676,0.0002585184386320709
233.96396396396395,0.06048472517727532,0.00025851845171018586
234.95495495495496,0.06074091464006415,0.00025851846478831125
235.94594594594594,0.06099710411649539,0.00025851847798114697
236.93693693693695,0.06125329360543219,0.0002585184902562272
237.92792792792793,0.06150948310619242,0.00025851850276074895
238.9189189189189,0.06176567261991295,0.00025851851537998446
239.9099099099099,0.06202186214568428,0.000258518527540344
240.9009009009009,0.06227805168350642,0.000258518539700707
241.89189189189187,0.06253424123337936,0.00025851855140217317
242.88288288288288,0.06279043079439361,0.00025851856310365323
243.87387387387386,0.06304662036745867,0.00025851857514928855
244.86486486486487,0.06330280995234716,0.0002585185867360479
245.85585585585585,0.06355899954837696,0.0002585185975197621
246.84684684684683,0.06381518915463857,0.00025851860887706607
247.83783783783784,0.06407137877317837,0.0002585186203491116
248.82882882882882,0.06432756840217735,0.00025851863113281887
249.81981981981983,0.06458375804209027,0.00025851864145765707
250.8108108108108,0.06483994769155288,0.0002585186520119298
251.8018018018018,0.06509613735238418,0.00025851866336924073
252.7927927927928,0.06535232702435678,0.00025851867380879273
253.78378378378378,0.06560851670587908,0.0002585186835600273
254.77477477477478,0.06586470639717845,0.00025851869434373453
255.76576576576576,0.06612089610007388,0.0002585187043244036
256.7567567567568,0.06637708581115476,0.0002585187139609174
257.7477477477478,0.06663327553314957,0.0002585187239415865
258.73873873873873,0.06688946526401196,0.00025851873357810723
259.7297297297297,0.06714565500510616,0.00025851874367349703
260.7207207207207,0.06740184475597744,0.0002585187527363933
261.7117117117117,0.06765803451503416,0.0002585187622581864
262.7027027027027,0.06791422428477745,0.0002585187717799725
263.6936936936937,0.06817041406270619,0.0002585187806134412
264.68468468468467,0.06842660384995725,0.00025851878990579974
265.6756756756757,0.06868279364630325,0.000258518798968696
266.6666666666667,0.06893898345151683,0.0002585188078021716
267.65765765765764,0.06919517326537061,0.00025851881652091957
268.64864864864865,0.06945136308786459,0.00025851882523965364
269.63963963963965,0.06970755291899877,0.0002585188339584085
270.6306306306306,0.06996374275877315,0.0002585188421035667
271.6216216216216,0.07021993260605086,0.00025851885059285235
272.6126126126126,0.07047612246265089,0.00025851885931160723
273.6036036036036,0.070732312327209,0.000258518867227317
274.5945945945946,0.07098850219949782,0.00025851887548717506
275.5855855855856,0.07124469208042683,0.00025851888374703313
276.5765765765766,0.07150088196908655,0.0002585188915480291
277.56756756756755,0.07175707186547697,0.0002585188993490181
278.55855855855856,0.0720132617695981,0.0002585189071499863
279.54954954954957,0.07226945168144994,0.0002585189150656961
280.5405405405405,0.07252564160125985,0.00025851892275196436
281.5315315315315,0.07278183152834572,0.00025851892986462205
282.52252252252254,0.0730380214622528,0.00025851893755089034
283.5135135135135,0.0732942114045727,0.0002585189452371586
284.5045045045045,0.07355040135371382,0.0002585189521203679
285.4954954954955,0.07380659130967615,0.00025851895969191546
286.48648648648646,0.07406278127382393,0.000258518966804587
287.47747747747746,0.07431897124388342,0.0002585189736877963
288.4684684684685,0.07457516122167362,0.00025851898080046093
289.4594594594595,0.07483135120583029,0.0002585189874542426
290.45045045045043,0.07508754119680816,0.0002585189947963487
291.44144144144144,0.07534373119551674,0.00025851900190899946
292.43243243243245,0.07559992120059178,0.00025851900810390516
293.4234234234234,0.07585611121157854,0.0002585190147576938
294.4144144144144,0.07611230122984125,0.00025851902187034453
295.4054054054054,0.07636849125492517,0.00025851902783580877
296.39639639639637,0.07662468128501132,0.00025851903403071447
297.3873873873874,0.07688087132237342,0.0002585190413728067
298.3783783783784,0.07713706136701148,0.00025851904802658837
299.36936936936934,0.07739325141756126,0.0002585190535331766
300.36036036036035,0.07764944147311326,0.00025851905949862003
301.35135135135135,0.07790563153548646,0.0002585190654640773
302.34234234234236,0.07816182160286189,0.000258519071658983
303.3333333333333,0.07841801167751328,0.00025851907877164765
304.3243243243243,0.07867420175898587,0.00025851908427821507
305.31531531531533,0.0789303918445512,0.0002585190893259204
306.3063063063063,0.07918658193602823,0.000258519095979709
307.2972972972973,0.07944277203478123,0.0002585191021745939
308.2882882882883,0.07969896213853644,0.00025851910768116826
309.27927927927925,0.07995515224820338,0.00025851911318776344
310.27027027027026,0.08021134236287253,0.00025851911800600647
311.26126126126127,0.08046753248208915,0.0002585191244303467
312.2522522522522,0.08072372260949123,0.00025851913016636946
313.2432432432432,0.08097991274007654,0.00025851913521405395
314.23423423423424,0.08123610287748306,0.0002585191409500767
315.22522522522524,0.08149229301943706,0.00025851914599776815
316.2162162162162,0.08174848316684802,0.00025851915173379786
317.2072072072072,0.0820046733201707,0.00025851915678148235
318.1981981981982,0.0822608634775861,0.00025851916182918766
319.18918918918916,0.08251705364091322,0.00025851916664744456
320.1801801801802,0.08277324380787832,0.0002585191728423364
321.1711711711712,0.08302943398348361,0.0002585191781194693
322.16216216216213,0.0832856241609079,0.00025851918179053274
323.15315315315314,0.08354181434378916,0.0002585191872970932
324.14414414414415,0.08379800453212738,0.00025851919234479853
325.1351351351351,0.08405419472501308,0.00025851919762193837
326.1261261261261,0.08431038492381049,0.0002585192024401814
327.1171171171171,0.08456657512624588,0.00025851920702899683
328.1081081081081,0.08482276533413824,0.00025851921184725374
329.0990990990991,0.08507895554612332,0.00025851921643608305
330.0900900900901,0.08533514576311063,0.0002585192210248777
331.0810810810811,0.08559133598419066,0.0002585192258431346
332.07207207207205,0.08584752621072766,0.00025851923020252243
333.06306306306305,0.0861037164404479,0.0002585192341029996
334.05405405405406,0.0863599066747156,0.00025851923983902236
335.045045045045,0.08661609691580452,0.00025851924488672767
336.036036036036,0.08687228716007667,0.0002585192485577703
337.02702702702703,0.08712847740844154,0.0002585192526876959
338.01801801801804,0.08738466766089914,0.0002585192568176353
339.009009009009,0.08764085791744947,0.00025851926163589917
340.0,0.08789704817945676,0.00025851926599525926
340.990990990991,0.08815323844464729,0.00025851926989575724
341.98198198198196,0.08840942871438529,0.0002585192740256967
342.97297297297297,0.08866561898776126,0.00025851927861449825
343.963963963964,0.08892180926659421,0.00025851928274443076
344.9549549549549,0.08917799954815564,0.0002585192864154942
345.94594594594594,0.08943418983426454,0.00025851929054541284
346.93693693693695,0.08969038012401143,0.00025851929490479375
347.9279279279279,0.08994657041876053,0.0002585192988052848
348.9189189189189,0.09020276071623812,0.00025851930201745144
349.9099099099099,0.09045895101735368,0.0002585193066062669
350.9009009009009,0.09071514132392622,0.0002585193107361994
351.8918918918919,0.09097133163322724,0.00025851931440726283
352.8828828828829,0.09122752194707573,0.00025851931876662293
353.8738738738739,0.09148371226501695,0.000258519322208238
354.86486486486484,0.09173990258568665,0.00025851932542041156
355.85585585585585,0.09199609290999433,0.00025851932932089566
356.84684684684686,0.09225228323839474,0.00025851933368026964
357.8378378378378,0.09250847357134262,0.0002585193371218916
358.8288288288288,0.09276466390656424,0.00025851934033405133
359.8198198198198,0.09302085424587858,0.0002585193440051009
360.8108108108108,0.09327704458837616,0.00025851934813504035
361.8018018018018,0.09353323493587595,0.000258519351806083
362.7927927927928,0.09378942528564949,0.00025851935501825657
363.7837837837838,0.09404561563951574,0.00025851935823043015
364.77477477477476,0.09430180599565574,0.00025851936098372774
365.76576576576576,0.09455799635497897,0.00025851936534308784
366.7567567567568,0.09481418671975916,0.0002585193692435789
367.7477477477477,0.0950703770868131,0.000258519371767435
368.73873873873873,0.09532656745659551,0.0002585193756679191
369.72972972972974,0.09558275783138015,0.0002585193786506512
370.7207207207207,0.09583894820707428,0.0002585193818628248
371.7117117117117,0.09609513858822538,0.00025851938553386744
372.7027027027027,0.09635132897119547,0.000258519388746041
373.69369369369366,0.09660751935871303,0.00025851939195822154
374.68468468468467,0.09686370974804959,0.00025851939494093285
375.6756756756757,0.09711990014147887,0.0002585193983825479
376.6666666666667,0.09737609053763663,0.00025851940136528695
377.65765765765764,0.09763228093697762,0.00025851940457746053
378.64864864864865,0.09788847133950185,0.00025851940710129584
379.63963963963965,0.09814466174384506,0.00025851941054290395
380.6306306306306,0.0984008521531905,0.0002585194142139674
381.6216216216216,0.09865704256480967,0.00025851941719668564
382.6126126126126,0.09891323298006682,0.00025851941972054177
383.6036036036036,0.09916942339668822,0.00025851942224439095
384.5945945945946,0.09942561381694759,0.0002585194256859921
385.5855855855856,0.09968180424039019,0.00025851942912760717
386.57657657657654,0.09993799466747078,0.00025851943142202183
387.56756756756755,0.10019418509546085,0.00025851943371641567
388.55855855855856,0.10045037552708891,0.00025851943738746525
389.54954954954957,0.10070656596235494,0.00025851944105852176
390.5405405405405,0.10096275640125896,0.0002585194433529364
391.5315315315315,0.10121894684107247,0.00025851944495900586
392.52252252252254,0.10147513728315971,0.00025851944840062785
393.5135135135135,0.10173132772979443,0.00025851945184224984
394.5045045045045,0.10198751817870289,0.0002585194539072022
395.4954954954955,0.10224370862943033,0.00025851945666049286
396.48648648648646,0.10249989908379575,0.00025851945941379045
397.47747747747746,0.10275608953998017,0.0002585194621670672
398.4684684684685,0.10301227999980256,0.00025851946514979934
399.4594594594594,0.10326847046189869,0.00025851946744420706
400.45045045045043,0.10352466092626855,0.0002585194706563737
401.44144144144144,0.10378085139473114,0.00025851947272133996
402.43243243243245,0.10403704186319374,0.0002585194750157477
403.4234234234234,0.1042932323362038,0.00025851947776904527
404.4144144144144,0.10454942281012336,0.0002585194800634391
405.4054054054054,0.1048056132876809,0.0002585194837344956
406.39639639639637,0.10506180376887642,0.0002585194860289103
407.3873873873874,0.10531799425098143,0.00025851948648777934
408.3783783783784,0.10557418473308644,0.000258519489699946
409.36936936936934,0.10583037522155792,0.0002585194938298993
410.36036036036035,0.10608656571184838,0.0002585194956654102
411.35135135135135,0.10634275620395783,0.000258519497500935
412.34234234234236,0.10659894669788628,0.0002585194997953427
413.3333333333333,0.1068551371945432,0.0002585195025486403
414.3243243243243,0.10711132769392862,0.0002585195053019171
415.31531531531533,0.10736751819604251,0.0002585195075963248
416.3063063063063,0.1076237086999754,0.00025851950943186347
417.2972972972973,0.10787989920572727,0.0002585195112673744
418.2882882882883,0.10813608971329813,0.00025851951402067197
419.27927927927925,0.10839228022450698,0.00025851951723284555
420.27027027027026,0.1086484707384443,0.0002585195190683634
421.26126126126127,0.10890466125329112,0.00025851952090389513
422.2522522522522,0.10916085177086643,0.00025851952273942685
423.2432432432432,0.10941704228935123,0.00025851952457493776
424.23423423423424,0.10967323281056451,0.00025851952778711135
425.22522522522524,0.10992942333541578,0.00025851953054039506
426.2162162162162,0.11018561386208603,0.0002585195314581748
427.2072072072072,0.11044180438875628,0.00025851953421144463
428.1981981981982,0.1106979949208835,0.00025851953788250115
429.18918918918916,0.11095418545482971,0.00025851953834139796
430.1801801801802,0.11121037598786643,0.00025851954017690887
431.1711711711712,0.11146656652545062,0.0002585195429301926
432.16216216216213,0.1117227570639443,0.00025851954476573125
433.15315315315314,0.11197894760516647,0.0002585195466012491
434.14414414414415,0.11223513814729813,0.0002585195479778979
435.1351351351351,0.11249132869124878,0.0002585195502723056
436.1261261261261,0.11274751923792792,0.0002585195534844653
437.1171171171171,0.11300370978824503,0.0002585195553199901
438.1081081081081,0.11325990033856215,0.00025851955715552183
439.0990990990991,0.11351609089251724,0.00025851955853217756
440.0900900900901,0.11377228144556284,0.00025851956036768847
441.0810810810811,0.11402847200315591,0.00025851956357986206
442.07207207207205,0.11428466256256797,0.00025851956495651085
443.06306306306305,0.11454085312288953,0.00025851956725091163
444.05405405405406,0.11479704368684907,0.0002585195690864364
445.045045045045,0.1150532342508086,0.00025851956954533323
446.036036036036,0.11530942481567763,0.00025851957229861
447.02702702702703,0.11556561538509413,0.0002585195745930177
448.018018018018,0.11582180595451064,0.0002585195759696665
449.009009009009,0.11607799652665562,0.00025851957826406036
450.0,0.1163341871006196,0.000258519580558475
450.990990990991,0.11659037767731206,0.00025851958147623394
451.98198198198196,0.11684656825309503,0.0002585195828528966
452.97297297297297,0.11710275883251597,0.0002585195860650494
453.963963963964,0.1173589494146654,0.00025851958744169123
454.9549549549549,0.11761513999681483,0.00025851958790058804
455.94594594594594,0.11787133057987376,0.0002585195906538648
456.93693693693695,0.11812752116748015,0.00025851959340715547
457.9279279279279,0.11838371175599605,0.00025851959386604534
458.9189189189189,0.11863990234451194,0.0002585195957015632
459.9099099099099,0.11889609293666581,0.0002585195979959709
460.90090090090087,0.11915228352972917,0.0002585195993726197
461.8918918918919,0.11940847412461153,0.0002585196007492546
462.8828828828829,0.11966466472040338,0.00025851960350254527
463.8738738738739,0.1199208553207427,0.00025851960533807006
464.86486486486484,0.12017704592017253,0.00025851960579695993
465.85585585585585,0.12043323652142135,0.00025851960763247084
466.84684684684686,0.12068942712448916,0.0002585196094679956
467.8378378378378,0.12094561772937595,0.00025851961130354123
468.8288288288288,0.12120180833608174,0.00025851961313905214
469.8198198198198,0.12145799894460652,0.000258519614056818
470.8108108108108,0.12171418955313129,0.00025851961589234973
471.8018018018018,0.12197038016529405,0.00025851961864563344
472.7927927927928,0.12222657077927579,0.00025851961910450943
473.78378378378375,0.12248276139234804,0.0002585196204811721
474.77477477477476,0.12273895200905827,0.000258519622316683
475.76576576576576,0.1229951426257685,0.00025851962323444194
476.7567567567568,0.12325133324429771,0.0002585196259877326
477.7477477477477,0.12350752386646491,0.0002585196282821542
478.73873873873873,0.1237637144895416,0.0002585196291999062
479.72972972972974,0.12401990511352778,0.00025851962874100937
480.7207207207207,0.12427609573569498,0.00025851963103544484
481.7117117117117,0.12453228636422864,0.0002585196337887147
482.7027027027027,0.1247884769918528,0.00025851963516536347
483.69369369369366,0.12504466762311495,0.0002585196360831432
484.68468468468467,0.1253008582525581,0.0002585196365419984
485.6756756756757,0.12555704888472974,0.0002585196397541789
486.6666666666667,0.12581323952053935,0.0002585196406719309
487.65765765765764,0.12606943015452998,0.00025851964204860745
488.64864864864865,0.12632562079306808,0.00025851964434298047
489.63963963963965,0.12658181143160618,0.00025851964434298047
490.6306306306306,0.12683800207014428,0.0002585196461785261
491.6216216216216,0.12709419271232036,0.000258519648472913
492.6126126126126,0.12735038335540594,0.0002585196480140439
493.6036036036036,0.12760657399667252,0.0002585196493907066
494.5945945945946,0.12786276464248658,0.00025851965260285936
495.5855855855856,0.12811895529011963,0.00025851965352061135
496.57657657657654,0.12837514593775268,0.00025851965535615695
497.56756756756755,0.1286313365890237,0.0002585196571916609
498.55855855855856,0.12888752724029473,0.00025851965627389506
499.54954954954957,0.12914371788974677,0.00025851965765054385
500.5405405405405,0.12939990854374628,0.0002585196604038553
501.5315315315315,0.12965609919865528,0.00025851966178047636
502.52252252252254,0.12991228985538328,0.0002585196626982422
503.5135135135135,0.13016848051211127,0.00025851966499267076
504.5045045045045,0.13042467117338674,0.0002585196649926569
505.4954954954955,0.13068086183011474,0.0002585196654515398
506.48648648648646,0.1309370524922997,0.00025851966820482353
507.47747747747746,0.13119324315448466,0.0002585196691225894
508.4684684684685,0.13144943381848861,0.0002585196704992382
509.4594594594594,0.13170562448340206,0.0002585196723347699
510.45045045045043,0.131961815151044,0.00025851967371140483
511.44144144144144,0.13221800581868592,0.0002585196737113771
512.4324324324325,0.13247419648632786,0.00025851967554693656
513.4234234234234,0.13273038715760777,0.0002585196773824683
514.4144144144144,0.13298657782888768,0.0002585196769235715
515.4054054054054,0.1332427684992581,0.00025851967967686906
516.3963963963963,0.13349895917599497,0.00025851968197126984
517.3873873873874,0.13375514985091286,0.000258519681053504
518.3783783783783,0.13401134052583075,0.00025851968151241467
519.3693693693693,0.13426753120165813,0.0002585196842656706
520.3603603603603,0.134523721882033,0.0002585196865600714
521.3513513513514,0.13477991256240784,0.00025851968610120235
522.3423423423424,0.1350361032418732,0.00025851968747785115
523.3333333333334,0.13529229392497655,0.000258519689313369
524.3243243243243,0.1355484846080799,0.00025851968931339675
525.3153153153153,0.13580467529118323,0.0002585196906900039
526.3063063063063,0.13606086597701506,0.00025851969298441857
527.2972972972973,0.13631705666466587,0.00025851969390218443
528.2882882882883,0.13657324735231668,0.0002585196948199503
529.2792792792793,0.1368294380417865,0.0002585196957377023
530.2702702702703,0.1370856287312563,0.00025851969665546815
531.2612612612612,0.1373418194225451,0.0002585196980321447
532.2522522522522,0.13759801011474337,0.00025851969940876574
533.2432432432432,0.13785420080876065,0.0002585197003265177
534.2342342342342,0.13811039150277793,0.00025851970078540065
535.2252252252252,0.1383665821977047,0.0002585197017031665
536.2162162162163,0.13862277289354097,0.0002585197030798153
537.2072072072071,0.13887896359119623,0.0002585197062920097
538.1981981981982,0.13913515429339895,0.0002585197067508649
539.1891891891892,0.1393913449919637,0.00025851970491533316
540.1801801801802,0.13964753569052846,0.0002585197072097478
541.1711711711712,0.13990372639364068,0.0002585197095041486
542.1621621621622,0.1401599170967529,0.0002585197104219006
543.1531531531532,0.14041610780168412,0.0002585197108807974
544.1441441441441,0.14067229850570584,0.0002585197113396942
545.1351351351351,0.14092848921154655,0.0002585197136340811
546.1261261261261,0.14118467992011574,0.00025851971546961283
547.1171171171171,0.14144087062959443,0.0002585197150107299
548.1081081081081,0.14169706133725413,0.00025851971546959895
549.0990990990991,0.1419532520476423,0.0002585197168462616
550.09009009009,0.1422094427580305,0.00025851971868180723
551.081081081081,0.14246563347205665,0.0002585197205172973
552.072072072072,0.1427218241860828,0.00025851971959954534
553.063063063063,0.14297801489828998,0.00025851972005842827
554.0540540540541,0.14323420561322564,0.00025851972097618026
555.0450450450451,0.1434903963272518,0.00025851972372947785
556.0360360360361,0.14374658704764443,0.0002585197255649957
557.027027027027,0.14400277776530856,0.0002585197246472576
558.018018018018,0.1442589684838822,0.0002585197260238925
559.009009009009,0.14451515920427482,0.0002585197269416445
560.0,0.14477134992466745,0.0002585197278593965
560.990990990991,0.14502754064687906,0.00025851972877716234
561.981981981982,0.14528373136909067,0.00025851972923604527
562.9729729729729,0.14553992209221178,0.00025851973107160475
563.9639639639639,0.14579611281806137,0.0002585197324482119
564.9549549549549,0.14605230354391097,0.00025851973336599166
565.9459459459459,0.14630849427157955,0.0002585197352015095
566.936936936937,0.14656468500106712,0.00025851973428374364
567.927927927928,0.1468208757269167,0.0002585197333659778
568.918918918919,0.1470770664545853,0.0002585197352015095
569.9099099099099,0.14733325718407286,0.00025851973795482097
570.9009009009009,0.1475894479171984,0.0002585197388725591
571.8918918918919,0.14784563864850497,0.00025851973979032494
572.8828828828829,0.1481018293834495,0.0002585197416258428
573.8738738738739,0.14835802011839405,0.00025851974070807693
574.8648648648649,0.1486142108515196,0.00025851973979032494
575.8558558558558,0.14887040158464515,0.00025851974070811856
576.8468468468468,0.1491265923195897,0.0002585197443791404
577.8378378378378,0.1493827830599912,0.00025851974621465823
578.8288288288288,0.14963897379857372,0.00025851974529689237
579.8198198198198,0.14989516453715623,0.00025851974529690624
580.8108108108108,0.15015135527573875,0.00025851974713243797
581.8018018018018,0.15040754601795925,0.00025851974805018996
582.7927927927927,0.15066373675836076,0.00025851974988573556
583.7837837837837,0.15091992750421923,0.0002585197498857078
584.7747747747748,0.15117611824462074,0.00025851974805018996
585.7657657657658,0.15143230898684124,0.00025851975080347367
586.7567567567568,0.1516884997326997,0.00025851975355677126
587.7477477477478,0.15194469048037718,0.00025851975355677126
588.7387387387387,0.15220088122623565,0.00025851975263903315
589.7297297297297,0.15245707197209413,0.0002585197526390054
590.7207207207207,0.1527132627179526,0.0002585197553922891
591.7117117117117,0.15296945346926805,0.00025851975722780696
592.7027027027027,0.1532256442187645,0.0002585197581455867
593.6936936936937,0.15348183497189893,0.0002585197581455867
594.6846846846847,0.1537380257213954,0.00025851975722782083
595.6756756756756,0.15399421647271083,0.0002585197599811323
596.6666666666666,0.15425040722766425,0.00025851976089885653
597.6576576576576,0.1545065979807987,0.0002585197608988704
598.6486486486486,0.1547627887357521,0.0002585197608988704
599.6396396396397,0.15501897948888654,0.0002585197618166224
600.6306306306307,0.15527517024565896,0.000258519763652168
601.6216216216216,0.15553136100243137,0.0002585197636521819
602.6126126126126,0.15578755175920378,0.00025851976548767197
603.6036036036036,0.15604374251961417,0.0002585197673232037
604.5945945945946,0.15629993328002456,0.0002585197664054517
605.5855855855856,0.15655612403861596,0.00025851976548768585
606.5765765765766,0.15681231479720736,0.0002585197673232037
607.5675675675676,0.15706850555943674,0.0002585197691587493
608.5585585585585,0.15732469632166612,0.00025851976824098344
609.5495495495495,0.15758088708207652,0.00025851976915872155
610.5405405405405,0.15783707784612488,0.00025851977099426715
611.5315315315315,0.15809326861017325,0.000258519772829785
612.5225225225225,0.1583494593778596,0.000258519772829785
613.5135135135135,0.15860565014190797,0.000258519772829785
614.5045045045044,0.15886184090959432,0.0002585197746653306
615.4954954954954,0.15911803167728067,0.00025851977374755086
616.4864864864865,0.15937422244314803,0.0002585197746653167
617.4774774774775,0.15963041321265337,0.0002585197765008346
618.4684684684685,0.1598866039821587,0.0002585197765008346
619.4594594594595,0.16014279475166404,0.00025851977741860044
620.4504504504505,0.16039898552298837,0.0002585197783363663
621.4414414414414,0.1606551762943127,0.0002585197783363802
622.4324324324324,0.16091136706563702,0.0002585197792541183
623.4234234234234,0.16116755783878034,0.0002585197783363663
624.4144144144144,0.16142374860828568,0.00025851978017188415
625.4054054054054,0.16167993938506697,0.00025851978292516786
626.3963963963964,0.16193613016002928,0.00025851978292518174
627.3873873873873,0.16219232093681057,0.00025851978384297536
628.3783783783783,0.16244851171359187,0.0002585197838429337
629.3693693693693,0.16270470249037317,0.0002585197838429337
630.3603603603603,0.16296089326715446,0.00025851978292518174
631.3513513513514,0.16321708404211677,0.00025851978567846545
632.3423423423424,0.16347327482435503,0.00025851978843174916
633.3333333333334,0.1637294656047743,0.0002585197865962313
634.3243243243243,0.1639856563833746,0.00025851978751402493
635.3153153153153,0.16424184716561285,0.0002585197875139833
636.3063063063063,0.16449803794421314,0.00025851978934951503
637.2972972972973,0.16475422873008938,0.00025851979118504675
638.2882882882883,0.16501041951232764,0.00025851978934951503
639.2792792792793,0.1652666102945659,0.000258519790267267
640.2702702702702,0.16552280107862316,0.0002585197911850745
641.2612612612612,0.1657789918626804,0.00025851979210279874
642.2522522522522,0.16603518264855666,0.0002585197930205785
643.2432432432432,0.1662913734344329,0.00025851979393833047
644.2342342342342,0.16654756422212813,0.00025851979393833047
645.2252252252252,0.16680375500800437,0.0002585197930205646
646.2162162162163,0.16705994579388062,0.0002585197957738483
647.2072072072071,0.16731613658521383,0.00025851979577388995
648.1981981981982,0.16757232737109007,0.00025851979485609633
649.1891891891892,0.1678285181606043,0.0002585197985271459
650.1801801801802,0.1680847089537565,0.0002585197985271459
651.1711711711712,0.1683408997432707,0.00025851979760938004
652.1621621621622,0.16859709053460392,0.0002585197985271459
653.1531531531531,0.16885328132593713,0.00025851979852718754
654.1441441441441,0.16910947211727034,0.0002585197994448979
655.1351351351351,0.16936566291042254,0.0002585198012804296
656.1261261261261,0.16962185370539373,0.0002585198021981955
657.1171171171171,0.16987804450036492,0.0002585198021981955
658.1081081081081,0.1701342352953361,0.0002585198012804435
659.0990990990991,0.1703904260884883,0.00025851980311596134
660.09009009009,0.17064661688709748,0.00025851980495149307
661.081081081081,0.17090280768388766,0.00025851980403371333
662.072072072072,0.17115899848067784,0.0002585198049514792
663.063063063063,0.171415189279287,0.00025851980586924506
664.0540540540541,0.17167138007789617,0.00025851980586924506
665.0450450450451,0.17192757087650534,0.0002585198067870109
666.0360360360361,0.1721837616769335,0.0002585198077047768
667.027027027027,0.17243995247736166,0.00025851980586925893
668.018018018018,0.17269614327415184,0.0002585198077047768
669.009009009009,0.17295233407821797,0.0002585198095403085
670.0,0.17320852487864613,0.00025851981137582636
670.990990990991,0.17346471568635025,0.0002585198104580605
671.981981981982,0.17372090648495941,0.00025851980862254265
672.9729729729729,0.17397709728902555,0.00025851981045807437
673.9639639639639,0.1742332880912727,0.0002585198104580605
674.9549549549549,0.17448947889533883,0.00025851981137582636
675.9459459459459,0.17474566969940497,0.00025851981412911007
676.936936936937,0.17500186050892808,0.00025851981412911007
677.927927927928,0.1752580513129942,0.00025851981137582636
678.918918918919,0.17551424211706035,0.00025851981504687593
679.9099099099099,0.17577043292840244,0.00025851981596466955
680.9009009009009,0.17602662373428757,0.0002585198132113442
681.8918918918919,0.1762828145401727,0.00025851981688240766
682.8828828828829,0.17653900535333378,0.0002585198159646418
683.8738738738739,0.17679519615739991,0.0002585198159646279
684.8648648648649,0.177051386970561,0.00025851981963569137
685.8558558558558,0.1773075777819031,0.00025851981871795326
686.8468468468468,0.17756376859324519,0.0002585198187179255
687.8378378378378,0.17781995940458728,0.00025851981963569137
688.8288288288288,0.17807615021774836,0.0002585198187179255
689.8198198198198,0.17833234102727147,0.00025851981963569137
690.8108108108108,0.17858853184225154,0.00025851982055345724
691.8018018018018,0.17884472265359364,0.0002585198196356775
692.7927927927927,0.17910091346675472,0.00025851982238900284
693.7837837837837,0.17935710428355378,0.00025851982330674095
694.7747747747748,0.17961329509853385,0.0002585198223889751
695.7657657657658,0.17986948591351393,0.0002585198223889751
696.7567567567568,0.180125676728494,0.0002585198223889751
697.7477477477478,0.18038186754347407,0.00025851982422449293
698.7387387387387,0.18063805836209212,0.00025851982514230043
699.7297297297297,0.1808942491788912,0.0002585198242245068
700.7207207207207,0.18115043999569025,0.00025851982606002466
701.7117117117117,0.1814066308161273,0.0002585198251422588
702.7027027027027,0.18166282163110736,0.00025851982606003854
703.6936936936937,0.1819190124533634,0.0002585198278955564
704.6846846846847,0.18217520327198145,0.00025851982881332225
705.6756756756756,0.18243139409605647,0.00025851982789558414
706.6666666666666,0.18268758491285553,0.0002585198251422727
707.6576576576576,0.18294377573147358,0.00025851982881332225
708.6486486486486,0.1831999665555486,0.00025851983156660596
709.6396396396397,0.18345615737962362,0.0002585198306488401
710.6306306306307,0.18371234820187965,0.00025851982881332225
711.6216216216216,0.1839685390223167,0.00025851983064888173
712.6126126126126,0.1842247298482107,0.0002585198306488401
713.6036036036036,0.18448092066864774,0.000258519830648854
714.5945945945946,0.18473711149454175,0.0002585198334021238
715.5855855855856,0.18499330232043576,0.0002585198334021238
716.5765765765766,0.18524949314632977,0.0002585198324843718
717.5675675675676,0.1855056839704048,0.00025851983431990355
718.5585585585585,0.18576187479993678,0.00025851983340216544
719.5495495495495,0.1860180656221928,0.0002585198334021238
720.5405405405405,0.1862742564517248,0.00025851983707318726
721.5315315315315,0.18653044728125678,0.0002585198361554214
722.5225225225225,0.18678663810896978,0.00025851983523765554
723.5135135135135,0.18704282893668278,0.0002585198361554214
724.5045045045044,0.18729901976621477,0.00025851983707320114
725.4954954954954,0.18755521059574676,0.0002585198343198897
726.4864864864865,0.18781140141982178,0.0002585198361554214
727.4774774774775,0.18806759225299174,0.00025851983982648485
728.4684684684685,0.18832378308434272,0.000258519839826471
729.4594594594595,0.1885799739175127,0.000258519839826471
730.4504504504505,0.18883616474886367,0.00025851983799095313
731.4414414414414,0.18909235557839565,0.00025851983890873287
732.4324324324324,0.18934854641156562,0.000258519839826471
733.4234234234234,0.1896047372429166,0.0002585198416620027
734.4144144144144,0.18986092807972454,0.0002585198416620027
735.4054054054054,0.19011711891107552,0.0002585198389087051
736.3963963963964,0.1903733097424265,0.0002585198416620027
737.3873873873873,0.19062950057923445,0.0002585198434975483
738.3783783783783,0.1908856914142234,0.0002585198444152864
739.3693693693693,0.19114188225285034,0.0002585198425797547
740.3603603603603,0.19139807308420131,0.00025851984074423684
741.3513513513514,0.19165426391919027,0.0002585198453330523
742.3423423423424,0.1919104547596362,0.00025851984257976857
743.3333333333334,0.19216664558916818,0.00025851984349752055
744.3243243243243,0.1924228364314331,0.00025851984808636375
745.3153153153153,0.19267902727006003,0.0002585198453330523
746.3063063063063,0.19293521810686798,0.0002585198453330384
747.2972972972973,0.1931914089454949,0.000258519848086336
748.2882882882883,0.19344759978775983,0.00025851984808634987
749.2792792792793,0.19370379062638676,0.00025851984716857013
750.2702702702702,0.1939599814668327,0.00025851984716861176
751.2612612612612,0.19421617230545962,0.00025851984625080426
752.2522522522522,0.19447236314408656,0.000258519848086336
753.2432432432432,0.19472855398635147,0.0002585198499218677
754.2342342342342,0.19498474482861639,0.000258519848086336
755.2252252252252,0.19524093566724332,0.00025851984716857013
756.2162162162163,0.19549712650768925,0.0002585198508396197
757.2072072072071,0.19575331735359214,0.0002585198526751792
758.1981981981982,0.19600950819767604,0.0002585198508396197
759.1891891891892,0.19626569903994096,0.00025851984900410185
760.1801801801802,0.19652188988038688,0.00025851985175738557
761.1711711711712,0.19677808072810876,0.0002585198535929173
762.1621621621622,0.19703427157219267,0.0002585198508396197
763.1531531531531,0.19729046241445758,0.0002585198517574272
764.1441441441441,0.19754665326036047,0.0002585198545106693
765.1351351351351,0.19780284410808235,0.00025851985451068316
766.1261261261261,0.19805903495398525,0.0002585198508396336
767.1171171171171,0.19831522579443117,0.00025851985267515143
768.1081081081081,0.19857141664397204,0.000258519856346201
769.0990990990991,0.19882760749169393,0.0002585198535929034
770.09009009009,0.19908379833577783,0.0002585198554284768
771.081081081081,0.1993399891871377,0.00025851985726396687
772.072072072072,0.19959618003485957,0.00025851985726396687
773.063063063063,0.19985237088621943,0.0002585198535929173
774.0540540540541,0.20010856172666536,0.000258519856346201
775.0450450450451,0.2003647525834822,0.00025851986001726446
776.036036036036,0.20062094343120407,0.00025851985634624264
777.027027027027,0.20087713428074494,0.00025851985726396687
778.018018018018,0.2011333251302858,0.0002585198563462149
779.009009009009,0.2013895159780077,0.00025851986093501644
780.0,0.2016457068366435,0.0002585198600172506
780.990990990991,0.2019018976825464,0.000258519855428449
781.981981981982,0.20215808853208728,0.0002585198590994986
782.9729729729729,0.20241427938526613,0.00025851986001727834
783.9639639639639,0.202670470236626,0.00025851986093501644
784.9549549549549,0.20292666109162383,0.00025851986093501644
785.9459459459459,0.2031828519429837,0.0002585198618527823
786.936936936937,0.20343904279980052,0.00025851986277054817
787.927927927928,0.20369523365297937,0.0002585198600172506
788.9189189189188,0.20395142450433923,0.00025851985909951247
789.9099099099099,0.2042076153556991,0.00025851986368831403
790.9009009009009,0.2044638062161539,0.00025851986368831403
791.8918918918919,0.20471999706751376,0.00025851986093501644
792.8828828828829,0.2049761879225116,0.000258519864606066
793.8738738738739,0.20523237878114742,0.000258519864606066
794.8648648648649,0.20548856963614526,0.00025851986093501644
795.8558558558558,0.20574476048750512,0.0002585198664416116
796.8468468468468,0.2060009513534169,0.00025851986644159775
797.8378378378378,0.20625714220477676,0.0002585198618527823
798.8288288288288,0.20651333306159358,0.0002585198655238319
799.8198198198198,0.2067695239202294,0.00025851986644158387
800.8108108108108,0.20702571477886522,0.000258519864606066
801.8018018018017,0.20728190563386306,0.0002585198646060938
802.7927927927927,0.20753809649249888,0.0002585198682771156
803.7837837837837,0.20779428735477268,0.00025851986644158387
804.7747747747748,0.20805047820977052,0.00025851986644159775
805.7657657657658,0.20830666907204431,0.0002585198701126473
806.7567567567568,0.2085628599343181,0.0002585198682771156
807.7477477477478,0.20881905079295393,0.0002585198701126473
808.7387387387387,0.2090752416588657,0.00025851986827715723
809.7297297297297,0.20933143251386355,0.000258519864606066
810.7207207207207,0.20958762337249937,0.00025851987194817905
811.7117117117117,0.20984381424204912,0.0002585198737836969
812.7027027027027,0.21010000510432292,0.00025851986644159775
813.6936936936937,0.21035619595932076,0.000258519864606066
814.6846846846847,0.21061238681795658,0.00025851987194816517
815.6756756756756,0.21086857768750633,0.00025851987378372465
816.6666666666666,0.21112476854978013,0.0002585198682771156
817.6576576576576,0.21138095940841595,0.0002585198701126473
818.6486486486486,0.21163715027432772,0.0002585198737836969
819.6396396396397,0.2118933411402395,0.00025851987194817905
820.6306306306307,0.2121495320025133,0.00025851987011263344
821.6216216216216,0.2124057228647871,0.00025851987378372465
822.6126126126126,0.21266191373433685,0.0002585198737836969
823.6036036036036,0.21291810459661065,0.0002585198701126473
824.5945945945946,0.21317429545888444,0.0002585198756192286
825.5855855855856,0.21343048633207218,0.00025851987561921475
826.5765765765766,0.21368667719434598,0.00025851987194816517
827.5675675675676,0.21394286806025775,0.000258519873783683
828.5585585585585,0.21419905892616953,0.00025851987378372465
829.5495495495495,0.2144552497920813,0.0002585198756192286
830.5405405405405,0.21471144066163106,0.00025851987745474647
831.5315315315315,0.21496763153118081,0.00025851987561921475
832.5225225225225,0.2152238223970926,0.0002585198756192286
833.5135135135135,0.21548001326664235,0.00025851987745474647
834.5045045045044,0.2157362041361921,0.00025851987378373853
835.4954954954954,0.2159923949984659,0.0002585198756192286
836.4864864864865,0.21624858587165363,0.00025851988112579605
837.4774774774775,0.21650477674484137,0.00025851987745474647
838.4684684684685,0.21676096761075314,0.0002585198737836969
839.4594594594595,0.21701715847666492,0.00025851987745474647
840.4504504504505,0.21727334934985265,0.0002585198792902782
841.4414414414414,0.2175295402194024,0.00025851987378372465
842.4324324324324,0.2177857310816762,0.0002585198792902643
843.4234234234234,0.2180419219621399,0.0002585198829613278
844.4144144144144,0.21829811283168965,0.0002585198811258099
845.4054054054054,0.21855430370851536,0.0002585198792902782
846.3963963963964,0.21881049457442714,0.0002585198756192286
847.3873873873873,0.2190666854439769,0.00025851987745477423
848.3783783783783,0.21932287631352665,0.0002585198811258099
849.3693693693693,0.21957906719035236,0.0002585198829613278
850.3603603603603,0.2198352580635401,0.0002585198829613139
851.3513513513514,0.2200914489403658,0.0002585198792902643
852.3423423423424,0.22034763980627758,0.0002585198792902782
853.3333333333334,0.2206038306831033,0.00025851988663237735
854.3243243243243,0.220860021563567,0.0002585198811258238
855.3153153153153,0.22111621242947876,0.0002585198811258099
856.3063063063063,0.22137240330994246,0.0002585198847968595
857.2972972972973,0.2216285941831302,0.0002585198829613139
858.2882882882883,0.2218847850599559,0.0002585198792902643
859.2792792792793,0.22214097592586768,0.0002585198829613278
860.2702702702702,0.22239716680996935,0.00025851988846793683
861.2612612612612,0.22265335768679506,0.0002585198829613278
862.2522522522522,0.2229095485599828,0.0002585198829613278
863.2432432432432,0.2231657394368085,0.0002585198829613278
864.2342342342342,0.22342193030999624,0.0002585198829613278
865.2252252252252,0.22367812118682195,0.0002585198847968456
866.2162162162163,0.22393431206364767,0.00025851988663237735
867.2072072072071,0.22419050294411136,0.00025851988846793683
868.1981981981982,0.22444669382457505,0.0002585198811258099
869.1891891891892,0.22470288469048683,0.00025851988112579605
870.1801801801802,0.22495907557095052,0.0002585198903034269
871.1711711711712,0.2252152664550522,0.00025851988663237735
872.1621621621622,0.22547145732823992,0.0002585198847968456
873.1531531531531,0.2257276482087036,0.000258519886632419
874.1441441441441,0.22598383908552933,0.00025851988663237735
875.1351351351351,0.22624002996599302,0.0002585198884678952
876.1261261261261,0.2264962208464567,0.0002585198884679091
877.1171171171171,0.2267524117269204,0.0002585198903034269
878.1081081081081,0.22700860261102207,0.0002585198884678952
879.0990990990991,0.22726479348784778,0.0002585198847968456
880.09009009009,0.2275209843646735,0.00025851988846793683
881.081081081081,0.22777717524877517,0.0002585198884678952
882.072072072072,0.22803336612560088,0.0002585198884678952
883.063063063063,0.22828955700970255,0.00025851989213895865
884.0540540540541,0.22854574789380422,0.0002585198884679091
885.0450450450451,0.22880193877062993,0.0002585198884678813
886.036036036036,0.2290581296547316,0.00025851989397451813
887.027027027027,0.22931432054247125,0.0002585198939744904
888.018018018018,0.22957051142657292,0.0002585198884678952
889.009009009009,0.22982670230339863,0.00025851988663237735
890.0,0.23008289318386232,0.0002585198939744904
890.990990990991,0.23033908407523995,0.0002585198921389448
891.981981981982,0.23059527495206567,0.0002585198847968456
892.9729729729729,0.23085146582889138,0.00025851989030346856
893.9639639639639,0.23110765671663103,0.0002585198976455261
894.9549549549549,0.23136384760800865,0.00025851989213895865
895.9459459459459,0.23162003848483437,0.00025851989213895865
896.936936936937,0.231876229376212,0.0002585198976455261
897.927927927928,0.23213242026395164,0.0002585198903034269
898.9189189189188,0.23238861114077736,0.00025851989213897253
899.9099099099099,0.23264480203215498,0.0002585198976455261
900.9009009009009,0.23290099291989463,0.0002585198903034269
901.8918918918919,0.23315718379672035,0.00025851989213895865
902.8828828828829,0.23341337468809797,0.0002585198976455261
903.8738738738739,0.23366956557583762,0.0002585198939744765
904.8648648648649,0.2339257564599393,0.0002585198958100082
905.8558558558558,0.23418194735131692,0.00025851989397450426
906.8468468468468,0.2344381382317806,0.00025851989213895865
907.8378378378378,0.23469432911952026,0.0002585198939744904
908.8288288288288,0.23495052000362193,0.0002585198939744765
909.8198198198198,0.23520671089136158,0.00025851989580999435
910.8108108108108,0.23546290177910123,0.0002585198976455261
911.8018018018017,0.23571909267047886,0.0002585198976455677
912.7927927927927,0.2359752835582185,0.0002585198958100082
913.7837837837837,0.23623147444595816,0.00025851989580999435
914.7747747747748,0.2364876653336978,0.0002585198958100082
915.7657657657658,0.23674385622143745,0.0002585198958100082
916.7567567567568,0.2370000471091771,0.0002585198939744765
917.7477477477478,0.23725623799327877,0.0002585198976455261
918.7387387387387,0.23751242888829438,0.0002585199013166173
919.7297297297297,0.237768619779672,0.00025851989764553995
920.7207207207207,0.23802481066741166,0.0002585199031521074
921.7117117117117,0.23828100156970322,0.0002585198976455261
922.7027027027027,0.23853719244652893,0.0002585198939744904
923.6936936936937,0.23879338334154454,0.0002585198976455261
924.6846846846846,0.2390495742256462,0.00025851989764555383
925.6756756756756,0.23930576512066182,0.00025851990131658953
926.6666666666666,0.23956195601203945,0.0002585198994810578
927.6576576576576,0.23981814690341707,0.0002585198994810578
928.6486486486486,0.2400743377947947,0.00025851990131657565
929.6396396396397,0.2403305286898103,0.0002585198994810578
930.6306306306307,0.24058671957754996,0.0002585198976455261
931.6216216216216,0.24084291046892758,0.0002585199013166173
932.6126126126126,0.2410991013639432,0.00025851990131657565
933.6036036036036,0.24135529225532082,0.0002585198994810578
934.5945945945946,0.24161148314669845,0.0002585199031521074
935.5855855855856,0.24186767404535203,0.00025851990131657565
936.5765765765766,0.24212386493309168,0.0002585198994810439
937.5675675675675,0.2423800558281073,0.00025851990498766686
938.5585585585585,0.24263624672676087,0.0002585198994810578
939.5495495495495,0.24289243761086254,0.00025851990131658953
940.5405405405405,0.2431486285131541,0.0002585199049876252
941.5315315315315,0.24340481940453174,0.0002585198994810439
942.5225225225225,0.24366101029590936,0.00025851990131658953
943.5135135135135,0.24391720119092497,0.0002585199031520935
944.5045045045044,0.24417339208594058,0.0002585199068231986
945.4954954954954,0.24442958298823214,0.0002585199031521074
946.4864864864865,0.2446857738759718,0.0002585199031521074
947.4774774774775,0.24494196477826335,0.0002585199031521074
948.4684684684685,0.245198155666003,0.00025851990131658953
949.4594594594595,0.2454543465646566,0.00025851990682317083
950.4504504504504,0.24571053746331017,0.000258519903152149
951.4414414414414,0.2459667283546878,0.0002585198994810439
952.4324324324324,0.24622291924606543,0.0002585199031521074
953.4234234234234,0.24647911014471902,0.0002585199104942204
954.4144144144144,0.24673530105064856,0.0002585199086586748
955.4054054054054,0.24699149194566417,0.00025851990131657565
956.3963963963964,0.2472476828370418,0.0002585199049876252
957.3873873873873,0.24750387373933336,0.00025851990682321246
958.3783783783783,0.24776006463434896,0.0002585199031521074
959.3693693693693,0.24801625552936457,0.00025851990315212126
960.3603603603603,0.24827244642438018,0.0002585199086586887
961.3513513513514,0.24852863733030972,0.00025851991049419265
962.3423423423424,0.2487848282289633,0.00025851990682315695
963.3333333333334,0.2490410191276169,0.0002585199031520935
964.3243243243243,0.24929721001899452,0.000258519903152149
965.3153153153153,0.2495534009176481,0.0002585199123297244
966.3063063063063,0.24980959182721563,0.0002585199104942204
967.2972972972973,0.25006578272223123,0.000258519904987653
968.2882882882883,0.2503219736208848,0.00025851990682315695
969.2792792792793,0.2505781645195384,0.00025851990682315695
970.2702702702702,0.250834355418192,0.0002585199068231847
971.2612612612612,0.2510905463168456,0.0002585199086586609
972.2522522522522,0.25134673721913714,0.00025851990682315695
973.2432432432432,0.25160292811415275,0.0002585199104942204
974.2342342342342,0.25185911902372027,0.00025851990682315695
975.2252252252252,0.2521153099114599,0.0002585199049876252
976.2162162162163,0.25237150081738946,0.0002585199123297244
977.2072072072071,0.252627691719681,0.0002585199123297799
978.1981981981982,0.25288388262561057,0.00025851991049419265
979.1891891891892,0.25314007352426415,0.0002585199086586887
980.1801801801802,0.2533962644265557,0.00025851991232975213
981.1711711711712,0.25365245533248526,0.00025851991049419265
982.1621621621622,0.25390864623113885,0.00025851990682315695
983.1531531531531,0.25416483712979243,0.00025851990865871644
984.1441441441441,0.254421028032084,0.0002585199123297244
985.1351351351351,0.25467721893801354,0.0002585199104942204
986.1261261261261,0.2549334098366671,0.0002585199086586887
987.1171171171171,0.2551896007389587,0.0002585199123297244
988.1081081081081,0.25544579164488823,0.0002585199104942204
989.0990990990991,0.2557019825435418,0.00025851990682315695
990.09009009009,0.2559581734421954,0.00025851991049424816
991.081081081081,0.25621436434812495,0.0002585199141652561
992.072072072072,0.2564705552540545,0.00025851991232975213
993.063063063063,0.25672674615634605,0.00025851991232975213
994.0540540540541,0.2569829370622756,0.0002585199141652561
995.0450450450451,0.25723912796820514,0.0002585199160007601
996.036036036036,0.25749531887777266,0.00025851991232975213
997.027027027027,0.25775150977642625,0.0002585199123297244
998.018018018018,0.25800770068599377,0.00025851991232975213
999.009009009009,0.25826389158464735,0.00019382585441782285
1000.0,0.25839186003709214,0.00012913180201245975
