Temperature,Partition Functions
10.0,4.346215844922701e+249
10.99099099099099,5.770611626653092e+249
11.981981981981981,7.476481745990994e+249
12.972972972972972,9.489205036655112e+249
13.963963963963964,1.1834160332364161e+250
14.954954954954955,1.4536726466836843e+250
15.945945945945946,1.762228227379186e+250
16.936936936936938,2.111620658694796e+250
17.92792792792793,2.50438782400238e+250
18.91891891891892,2.943067606673814e+250
19.90990990990991,3.430197890080963e+250
20.9009009009009,3.9683165575957025e+250
21.89189189189189,4.559961492589904e+250
22.882882882882882,5.20767057843544e+250
23.873873873873876,5.913981698504175e+250
24.864864864864863,6.681432736167985e+250
25.855855855855857,7.512561574798736e+250
26.846846846846848,8.409906097768301e+250
27.83783783783784,9.376004188448565e+250
28.82882882882883,1.0413393730211376e+251
29.81981981981982,1.152461260642861e+251
30.81081081081081,1.2712198700472148e+251
31.8018018018018,1.3978689895713857e+251
32.792792792792795,1.5326624075525615e+251
33.78378378378378,1.675853912327927e+251
34.77477477477477,1.8276972922346702e+251
35.765765765765764,1.9884463356099835e+251
36.75675675675676,2.1583548307910452e+251
37.74774774774775,2.337676566115049e+251
38.73873873873874,2.5266653299191756e+251
39.729729729729726,2.7255749105406173e+251
40.72072072072072,2.93465909631656e+251
41.711711711711715,3.1541716755841943e+251
42.7027027027027,3.3843664366807004e+251
43.693693693693696,3.625497167943271e+251
44.68468468468468,3.8778176577090874e+251
45.67567567567568,4.141581694315341e+251
46.666666666666664,4.4170430660992173e+251
47.65765765765766,4.704455561397908e+251
48.648648648648646,5.004072968548594e+251
49.63963963963964,5.316149075888464e+251
50.63063063063063,5.640937671754709e+251
51.62162162162162,5.978692544484509e+251
52.612612612612615,6.329667482415055e+251
53.6036036036036,6.694116273883539e+251
54.5945945945946,7.072292707227136e+251
55.585585585585584,7.464450570783042e+251
56.57657657657658,7.870843652888456e+251
57.567567567567565,8.291725741880536e+251
58.55855855855856,8.727350626096498e+251
59.549549549549546,9.177972093873497e+251
60.54054054054054,9.643843933548755e+251
61.53153153153153,1.012521993345943e+252
62.52252252252252,1.0622353881942732e+252
63.513513513513516,1.1135499567335844e+252
64.5045045045045,1.1664910777975937e+252
65.4954954954955,1.2210841302200205e+252
66.48648648648648,1.2773544928345841e+252
67.47747747747748,1.335327544475003e+252
68.46846846846847,1.3950286639749956e+252
69.45945945945945,1.4564832301682812e+252
70.45045045045045,1.5197166218885777e+252
71.44144144144144,1.5847542179696074e+252
72.43243243243242,1.6516213972450808e+252
73.42342342342343,1.7203435385487256e+252
74.41441441441441,1.790946020714254e+252
75.4054054054054,1.8634542225753892e+252
76.3963963963964,1.9378935229658475e+252
77.38738738738739,2.014289300719349e+252
78.37837837837837,2.092666934669609e+252
79.36936936936937,2.173051803650352e+252
80.36036036036036,2.2554692864952917e+252
81.35135135135135,2.3399447620381488e+252
82.34234234234233,2.4265036091126403e+252
83.33333333333333,2.5151712065524873e+252
84.32432432432432,2.60597293319141e+252
85.31531531531532,2.6989341678631257e+252
86.30630630630631,2.794080289401348e+252
87.29729729729729,2.891436676639799e+252
88.28828828828829,2.9910287084121997e+252
89.27927927927928,3.092881763552268e+252
90.27027027027027,3.1970212208937245e+252
91.26126126126125,3.3034724592702815e+252
92.25225225225225,3.4122608575156615e+252
93.24324324324324,3.523411794463584e+252
94.23423423423424,3.6369506489477674e+252
95.22522522522523,3.752902799801931e+252
96.21621621621621,3.871293625859791e+252
97.2072072072072,3.992148505955066e+252
98.1981981981982,4.11549281892148e+252
99.1891891891892,4.241351943592746e+252
100.18018018018017,4.369751258802582e+252
101.17117117117117,4.500716143384715e+252
102.16216216216216,4.634271976172853e+252
103.15315315315316,4.77044413600072e+252
104.14414414414414,4.909258001702037e+252
105.13513513513513,5.05073895211052e+252
106.12612612612612,5.1949123660598895e+252
107.11711711711712,5.341803622383855e+252
108.10810810810811,5.491438099916152e+252
109.09909909909909,5.643841177490488e+252
110.09009009009009,5.7990382339405845e+252
111.08108108108108,5.957054648100155e+252
112.07207207207207,6.117915798802922e+252
113.06306306306305,6.281647064882611e+252
114.05405405405405,6.448273825172929e+252
115.04504504504504,6.617821458507605e+252
116.03603603603604,6.79031534372035e+252
117.02702702702703,6.9657808596448825e+252
118.01801801801801,7.1442433851149335e+252
119.009009009009,7.32572829896421e+252
120.0,7.510260980026421e+252
120.990990990991,7.697866807135316e+252
121.98198198198197,7.888571159124584e+252
122.97297297297297,8.082399414827954e+252
123.96396396396396,8.27937695307915e+252
124.95495495495496,8.47952915271189e+252
125.94594594594594,8.682881392559888e+252
126.93693693693693,8.88945905145685e+252
127.92792792792793,9.099287508236529e+252
128.9189189189189,9.312392141732611e+252
129.9099099099099,9.528798330778833e+252
130.9009009009009,9.7485314542089e+252
131.89189189189187,9.971616890856543e+252
132.88288288288288,1.0198080019555481e+253
133.8738738738739,1.0427946219139425e+253
134.86486486486484,1.0661240868442088e+253
135.85585585585585,1.089798934629721e+253
136.84684684684686,1.1138217031538491e+253
137.83783783783784,1.138194930299965e+253
138.82882882882882,1.162921153951441e+253
139.81981981981983,1.1880029119916513e+253
140.8108108108108,1.2134427423039624e+253
141.8018018018018,1.2392431827717508e+253
142.7927927927928,1.2654067712783871e+253
143.78378378378378,1.2919360457072436e+253
144.77477477477478,1.3188335439416912e+253
145.76576576576576,1.3461018038651012e+253
146.75675675675674,1.3737433633608465e+253
147.74774774774775,1.4017607603123003e+253
148.73873873873873,1.4301565326028319e+253
149.72972972972974,1.4589332181158161e+253
150.72072072072072,1.4880933547346196e+253
151.7117117117117,1.517639480342621e+253
152.7027027027027,1.5475741328231867e+253
153.6936936936937,1.577899850059692e+253
154.68468468468467,1.6086191699355057e+253
155.67567567567568,1.6397346303340016e+253
156.66666666666666,1.671248769138553e+253
157.65765765765767,1.7031641242325312e+253
158.64864864864865,1.735483233499304e+253
159.63963963963963,1.7682086348222486e+253
160.63063063063063,1.8013428660847354e+253
161.6216216216216,1.834888465170132e+253
162.61261261261262,1.8688479699618156e+253
163.6036036036036,1.903223918343158e+253
164.59459459459458,1.9380188481975244e+253
165.5855855855856,1.9732352974082962e+253
166.57657657657657,2.0088758038588398e+253
167.56756756756755,2.0449429054325257e+253
168.55855855855856,2.0814391400127298e+253
169.54954954954954,2.1183670454828207e+253
170.54054054054055,2.1557291597261725e+253
171.53153153153153,2.193528020626159e+253
172.5225225225225,2.2317661660661463e+253
173.51351351351352,2.2704461339295097e+253
174.5045045045045,2.3095704620996197e+253
175.4954954954955,2.349141688459852e+253
176.48648648648648,2.3891623508935733e+253
177.47747747747746,2.429634987284159e+253
178.46846846846847,2.4705621355149773e+253
179.45945945945945,2.511946333469404e+253
180.45045045045046,2.5537901190308126e+253
181.44144144144144,2.596096030082567e+253
182.43243243243242,2.6388666045080478e+253
183.42342342342343,2.6821043801906212e+253
184.4144144144144,2.725811895013663e+253
185.4054054054054,2.7699916868605407e+253
186.3963963963964,2.8146462936146275e+253
187.38738738738738,2.859778253159296e+253
188.3783783783784,2.9053901033779214e+253
189.36936936936937,2.95148438215387e+253
190.36036036036035,2.998063627370518e+253
191.35135135135135,3.045130376911235e+253
192.34234234234233,3.092687168659394e+253
193.33333333333334,3.1407365404983644e+253
194.32432432432432,3.1892810303115195e+253
195.3153153153153,3.2383231759822305e+253
196.3063063063063,3.287865515393873e+253
197.2972972972973,3.3379105864298146e+253
198.28828828828827,3.3884609269734283e+253
199.27927927927928,3.439519074908087e+253
200.27027027027026,3.4910875681171644e+253
201.26126126126127,3.543168944484028e+253
202.25225225225225,3.5957657418920496e+253
203.24324324324323,3.648880498224605e+253
204.23423423423424,3.702515751365064e+253
205.22522522522522,3.756674039196797e+253
206.21621621621622,3.811357899603182e+253
207.2072072072072,3.866569870467584e+253
208.19819819819818,3.922312489673376e+253
209.1891891891892,3.978588295103933e+253
210.18018018018017,4.0353998246426196e+253
211.17117117117118,4.092749616172821e+253
212.16216216216216,4.150640207577896e+253
213.15315315315314,4.209074136741222e+253
214.14414414414415,4.268053941546171e+253
215.13513513513513,4.3275821598761134e+253
216.1261261261261,4.3876613296144193e+253
217.11711711711712,4.44829398864447e+253
218.1081081081081,4.509482674849629e+253
219.0990990990991,4.571229926113268e+253
220.0900900900901,4.6335382803187613e+253
221.08108108108107,4.6964102753494724e+253
222.07207207207207,4.759848449088795e+253
223.06306306306305,4.8238553394200795e+253
224.05405405405406,4.8884334842267064e+253
225.04504504504504,4.953585421392041e+253
226.03603603603602,5.0193136887994696e+253
227.02702702702703,5.0856208243323497e+253
228.018018018018,5.152509365874055e+253
229.009009009009,5.219981851307964e+253
230.0,5.288040818517449e+253
230.99099099099098,5.3566888053858786e+253
231.981981981982,5.42592834979662e+253
232.97297297297297,5.495761989633049e+253
233.96396396396395,5.5661922627785395e+253
234.95495495495496,5.637221707116465e+253
235.94594594594594,5.708852860530187e+253
236.93693693693695,5.7810882609030885e+253
237.92792792792793,5.853930446118537e+253
238.9189189189189,5.927381954059906e+253
239.9099099099099,6.001445322610568e+253
240.9009009009009,6.076123089653884e+253
241.89189189189187,6.151417793073239e+253
242.88288288288288,6.22733197075201e+253
243.87387387387386,6.303868160573553e+253
244.86486486486487,6.381028900421243e+253
245.85585585585585,6.45881672817846e+253
246.84684684684683,6.537234181728561e+253
247.83783783783784,6.61628379895494e+253
248.82882882882882,6.695968117740949e+253
249.81981981981983,6.776289675969974e+253
250.8108108108108,6.85725101152538e+253
251.8018018018018,6.938854662290536e+253
252.7927927927928,7.021103166148817e+253
253.78378378378378,7.1039990609836e+253
254.77477477477478,7.187544884678247e+253
255.76576576576576,7.271743175116143e+253
256.7567567567568,7.356596470180646e+253
257.7477477477478,7.442107307755134e+253
258.73873873873873,7.528278225722979e+253
259.7297297297297,7.615111761967541e+253
260.7207207207207,7.702610454372217e+253
261.7117117117117,7.790776840820367e+253
262.7027027027027,7.879613459195356e+253
263.6936936936937,7.969122847380564e+253
264.68468468468467,8.059307543259358e+253
265.6756756756757,8.150170084715116e+253
266.6666666666667,8.241713009631202e+253
267.65765765765764,8.333938855890988e+253
268.64864864864865,8.426850161377857e+253
269.63963963963965,8.520449463975156e+253
270.6306306306306,8.614739301566292e+253
271.6216216216216,8.709722212034608e+253
272.6126126126126,8.8054007332635e+253
273.6036036036036,8.901777403136314e+253
274.5945945945946,8.99885475953644e+253
275.5855855855856,9.096635340347244e+253
276.5765765765766,9.195121683452103e+253
277.56756756756755,9.294316326734368e+253
278.55855855855856,9.394221808077448e+253
279.54954954954957,9.494840665364683e+253
280.5405405405405,9.596175436479448e+253
281.5315315315315,9.698228659305131e+253
282.52252252252254,9.801002871725094e+253
283.5135135135135,9.904500611622719e+253
284.5045045045045,1.0008724416881362e+254
285.4954954954955,1.0113676825384403e+254
286.48648648648646,1.0219360375015204e+254
287.47747747747746,1.0325777603657159e+254
288.4684684684685,1.0432931049193632e+254
289.4594594594595,1.0540823249507976e+254
290.45045045045043,1.0649456742483575e+254
291.44144144144144,1.0758834066003812e+254
292.43243243243245,1.0868957757952044e+254
293.4234234234234,1.0979830356211654e+254
294.4144144144144,1.1091454398666004e+254
295.4054054054054,1.1203832423198459e+254
296.39639639639637,1.1316966967692415e+254
297.3873873873874,1.1430860570031234e+254
298.3783783783784,1.154551576809828e+254
299.36936936936934,1.166093509977692e+254
300.36036036036035,1.1777121102950546e+254
301.35135135135135,1.1894076315502509e+254
302.34234234234236,1.2011803275316205e+254
303.3333333333333,1.213030452027497e+254
304.3243243243243,1.2249582588262224e+254
305.31531531531533,1.23696400171613e+254
306.3063063063063,1.2490479344855583e+254
307.2972972972973,1.2612103109228433e+254
308.2882882882883,1.2734513848163257e+254
309.27927927927925,1.2857714099543384e+254
310.27027027027026,1.2981706401252218e+254
311.26126126126127,1.3106493291173114e+254
312.2522522522522,1.323207730718944e+254
313.2432432432432,1.335846098718457e+254
314.23423423423424,1.34856468690419e+254
315.22522522522524,1.361363749064477e+254
316.2162162162162,1.374243538987657e+254
317.2072072072072,1.3872043104620678e+254
318.1981981981982,1.4002463172760447e+254
319.18918918918916,1.4133698132179253e+254
320.1801801801802,1.4265750520760475e+254
321.1711711711712,1.439862287638747e+254
322.16216216216213,1.4532317736943625e+254
323.15315315315314,1.4666837640312316e+254
324.14414414414415,1.4802185124376915e+254
325.1351351351351,1.4938362727020767e+254
326.1261261261261,1.5075372986127273e+254
327.1171171171171,1.5213218439579796e+254
328.1081081081081,1.535190162526169e+254
329.0990990990991,1.549142508105637e+254
330.0900900900901,1.563179134484718e+254
331.0810810810811,1.5773002954517456e+254
332.07207207207205,1.5915062447950634e+254
333.06306306306305,1.6057972363030073e+254
334.05405405405406,1.6201735237639104e+254
335.045045045045,1.634635360966115e+254
336.036036036036,1.6491830016979538e+254
337.02702702702703,1.6638166997477679e+254
338.01801801801804,1.6785367089038897e+254
339.009009009009,1.693343282954663e+254
340.0,1.7082366756884199e+254
340.990990990991,1.723217140893497e+254
341.98198198198196,1.738284932358236e+254
342.97297297297297,1.7534403038709693e+254
343.963963963964,1.7686835092200377e+254
344.9549549549549,1.7840148021937767e+254
345.94594594594594,1.7994344365805236e+254
346.93693693693695,1.8149426661686186e+254
347.9279279279279,1.830539744746392e+254
348.9189189189189,1.8462259261021855e+254
349.9099099099099,1.8620014640243398e+254
350.9009009009009,1.8778666123011868e+254
351.8918918918919,1.8938216247210624e+254
352.8828828828829,1.9098667550723099e+254
353.8738738738739,1.9260022571432578e+254
354.86486486486484,1.9422283847222528e+254
355.85585585585585,1.958545391597626e+254
356.84684684684686,1.9749535315577187e+254
357.8378378378378,1.9914530583908645e+254
358.8288288288288,2.0080442258854016e+254
359.8198198198198,2.0247272878296675e+254
360.8108108108108,2.041502498011997e+254
361.8018018018018,2.0583701102207338e+254
362.7927927927928,2.075330378244209e+254
363.7837837837838,2.0923835558707624e+254
364.77477477477476,2.1095298968887288e+254
365.76576576576576,2.126769655086449e+254
366.7567567567568,2.1441030842522576e+254
367.7477477477477,2.1615304381744908e+254
368.73873873873873,2.1790519706414893e+254
369.72972972972974,2.1966679354415885e+254
370.7207207207207,2.214378586363123e+254
371.7117117117117,2.2321841771944353e+254
372.7027027027027,2.2500849617238606e+254
373.69369369369366,2.2680811937397318e+254
374.68468468468467,2.2861731270303913e+254
375.6756756756757,2.304361015384174e+254
376.6666666666667,2.3226451125894197e+254
377.65765765765764,2.341025672434461e+254
378.64864864864865,2.3595029487076393e+254
379.63963963963965,2.378077195197289e+254
380.6306306306306,2.396748665691747e+254
381.6216216216216,2.415517613979356e+254
382.6126126126126,2.434384293848446e+254
383.6036036036036,2.453348959087357e+254
384.5945945945946,2.4724118634844285e+254
385.5855855855856,2.491573260827995e+254
386.57657657657654,2.5108334049063923e+254
387.56756756756755,2.530192549507959e+254
388.55855855855856,2.5496509484210377e+254
389.54954954954957,2.5692088554339597e+254
390.5405405405405,2.588866524335059e+254
391.5315315315315,2.6086242089126806e+254
392.52252252252254,2.628482162955157e+254
393.5135135135135,2.648440640250824e+254
394.5045045045045,2.6684998945880256e+254
395.4954954954955,2.6886601797550924e+254
396.48648648648646,2.7089217495403647e+254
397.47747747747746,2.7292848577321773e+254
398.4684684684685,2.749749758118872e+254
399.4594594594594,2.7703167044887787e+254
400.45045045045043,2.790985950630242e+254
401.44144144144144,2.8117577503315954e+254
402.43243243243245,2.8326323573811784e+254
403.4234234234234,2.8536100255673206e+254
404.4144144144144,2.874691008678372e+254
405.4054054054054,2.895875560502658e+254
406.39639639639637,2.9171639348285215e+254
407.3873873873874,2.9385563854443004e+254
408.3783783783784,2.960053166138331e+254
409.36936936936934,2.981654530698946e+254
410.36036036036035,3.0033607329144864e+254
411.35135135135135,3.025172026573291e+254
412.34234234234236,3.0470886654636967e+254
413.3333333333333,3.0691109033740356e+254
414.3243243243243,3.091238994092653e+254
415.31531531531533,3.1134731914078793e+254
416.3063063063063,3.1358137491080517e+254
417.2972972972973,3.158260920981513e+254
418.2882882882883,3.1808149608165977e+254
419.27927927927925,3.20347612240164e+254
420.27027027027026,3.22624465952498e+254
421.26126126126127,3.2491208259749563e+254
422.2522522522522,3.2721048755398976e+254
423.2432432432432,3.2951970620081536e+254
424.23423423423424,3.318397639168056e+254
425.22522522522524,3.3417068608079394e+254
426.2162162162162,3.3651249807161434e+254
427.2072072072072,3.388652252681005e+254
428.1981981981982,3.4122889304908625e+254
429.18918918918916,3.436035267934049e+254
430.1801801801802,3.459891518798905e+254
431.1711711711712,3.4838579368737696e+254
432.16216216216213,3.507934775946974e+254
433.15315315315314,3.532122289806862e+254
434.14414414414415,3.55642073224177e+254
435.1351351351351,3.5808303570400294e+254
436.1261261261261,3.6053514179899793e+254
437.1171171171171,3.629984168879962e+254
438.1081081081081,3.65472886349831e+254
439.0990990990991,3.6795857556333595e+254
440.0900900900901,3.704555099073453e+254
441.0810810810811,3.729637147606924e+254
442.07207207207205,3.7548321550221116e+254
443.06306306306305,3.78014037510735e+254
444.05405405405406,3.805562061650978e+254
445.045045045045,3.8310974684413307e+254
446.036036036036,3.85674684926675e+254
447.02702702702703,3.882510457915571e+254
448.018018018018,3.908388548176129e+254
449.009009009009,3.9343813738367644e+254
450.0,3.9604891886858126e+254
450.990990990991,3.986712246511608e+254
451.98198198198196,4.0130508011024924e+254
452.97297297297297,4.0395051062467977e+254
453.963963963964,4.066075415732871e+254
454.9549549549549,4.0927619833490374e+254
455.94594594594594,4.119565062883643e+254
456.93693693693695,4.1464849081250224e+254
457.9279279279279,4.173521772861507e+254
458.9189189189189,4.2006759108814434e+254
459.9099099099099,4.227947575973165e+254
460.90090090090087,4.2553370219250053e+254
461.8918918918919,4.282844502525307e+254
462.8828828828829,4.310470271562401e+254
463.8738738738739,4.338214582824636e+254
464.86486486486484,4.366077690100334e+254
465.85585585585585,4.3940598471778426e+254
466.84684684684686,4.4221613078455e+254
467.8378378378378,4.450382325891632e+254
468.8288288288288,4.478723155104588e+254
469.8198198198198,4.5071840492727e+254
470.8108108108108,4.5357652621843077e+254
471.8018018018018,4.56446704762774e+254
472.7927927927928,4.593289659391346e+254
473.78378378378375,4.6222333512634554e+254
474.77477477477476,4.65129837703241e+254
475.76576576576576,4.680484990486539e+254
476.7567567567568,4.709793445414188e+254
477.7477477477477,4.73922399560369e+254
478.73873873873873,4.768776894843381e+254
479.72972972972974,4.798452396921604e+254
480.7207207207207,4.828250755626693e+254
481.7117117117117,4.858172224746985e+254
482.7027027027027,4.888217058070818e+254
483.69369369369366,4.918385509386519e+254
484.68468468468467,4.948677832482446e+254
485.6756756756757,4.979094281146919e+254
486.6666666666667,5.009635109168281e+254
487.65765765765764,5.040300570334869e+254
488.64864864864865,5.071090918435019e+254
489.63963963963965,5.102006407257072e+254
490.6306306306306,5.133047290589354e+254
491.6216216216216,5.164213822220222e+254
492.6126126126126,5.195506255937995e+254
493.6036036036036,5.226924845531018e+254
494.5945945945946,5.258469844787632e+254
495.5855855855856,5.290141507496166e+254
496.57657657657654,5.321940087444957e+254
497.56756756756755,5.353865838422351e+254
498.55855855855856,5.385919014216677e+254
499.54954954954957,5.41809986861628e+254
500.5405405405405,5.450408655409487e+254
501.5315315315315,5.482845628384642e+254
502.52252252252254,5.515411041330076e+254
503.5135135135135,5.548105148034139e+254
504.5045045045045,5.580928202285155e+254
505.4954954954955,5.613880457871471e+254
506.48648648648646,5.646962168581417e+254
507.47747747747746,5.680173588203328e+254
508.4684684684685,5.713514970525554e+254
509.4594594594594,5.746986569336415e+254
510.45045045045043,5.780588638424262e+254
511.44144144144144,5.814321431577427e+254
512.4324324324325,5.848185202584251e+254
513.4234234234234,5.88218020523306e+254
514.4144144144144,5.916306693312207e+254
515.4054054054054,5.950564920610018e+254
516.3963963963963,5.984955140914831e+254
517.3873873873874,6.019477608014992e+254
518.3783783783783,6.054132575698822e+254
519.3693693693693,6.088920297754674e+254
520.3603603603603,6.123841027970875e+254
521.3513513513514,6.158895020135774e+254
522.3423423423424,6.194082528037691e+254
523.3333333333334,6.229403805464985e+254
524.3243243243243,6.264859106205963e+254
525.3153153153153,6.300448684048993e+254
526.3063063063063,6.336172792782394e+254
527.2972972972973,6.372031686194515e+254
528.2882882882883,6.408025618073681e+254
529.2792792792793,6.444154842208238e+254
530.2702702702703,6.480419612386518e+254
531.2612612612612,6.516820182396858e+254
532.2522522522522,6.5533568060276e+254
533.2432432432432,6.59002973706708e+254
534.2342342342342,6.626839229303631e+254
535.2252252252252,6.66378553652559e+254
536.2162162162163,6.700868912521304e+254
537.2072072072071,6.738089611079096e+254
538.1981981981982,6.775447885987316e+254
539.1891891891892,6.812943991034295e+254
540.1801801801802,6.850578180008366e+254
541.1711711711712,6.888350706697876e+254
542.1621621621622,6.926261824891159e+254
543.1531531531532,6.964311788376545e+254
544.1441441441441,7.002500850942374e+254
545.1351351351351,7.040829266376993e+254
546.1261261261261,7.079297288468729e+254
547.1171171171171,7.117905171005918e+254
548.1081081081081,7.156653167776908e+254
549.0990990990991,7.19554153257003e+254
550.09009009009,7.234570519173614e+254
551.081081081081,7.273740381376002e+254
552.072072072072,7.313051372965547e+254
553.063063063063,7.352503747730564e+254
554.0540540540541,7.392097759459399e+254
555.0450450450451,7.431833661940387e+254
556.0360360360361,7.471711708961865e+254
557.027027027027,7.511732154312175e+254
558.018018018018,7.551895251779651e+254
559.009009009009,7.592201255152632e+254
560.0,7.632650418219454e+254
560.990990990991,7.673242994768452e+254
561.981981981982,7.713979238587959e+254
562.9729729729729,7.754859403466325e+254
563.9639639639639,7.795883743191875e+254
564.9549549549549,7.837052511552955e+254
565.9459459459459,7.878365962337901e+254
566.936936936937,7.919824349335044e+254
567.927927927928,7.961427926332728e+254
568.918918918919,8.003176947119293e+254
569.9099099099099,8.045071665483056e+254
570.9009009009009,8.087112335212371e+254
571.8918918918919,8.129299210095586e+254
572.8828828828829,8.171632543921014e+254
573.8738738738739,8.214112590477006e+254
574.8648648648649,8.256739603551896e+254
575.8558558558558,8.29951383693402e+254
576.8468468468468,8.342435544411719e+254
577.8378378378378,8.385504979773323e+254
578.8288288288288,8.428722396807185e+254
579.8198198198198,8.47208804930163e+254
580.8108108108108,8.51560219104499e+254
581.8018018018018,8.559265075825611e+254
582.7927927927927,8.603076957431825e+254
583.7837837837837,8.647038089651973e+254
584.7747747747748,8.691148726274384e+254
585.7657657657658,8.735409121087417e+254
586.7567567567568,8.779819527879384e+254
587.7477477477478,8.824380200438633e+254
588.7387387387387,8.869091392553511e+254
589.7297297297297,8.913953358012338e+254
590.7207207207207,8.958966350603456e+254
591.7117117117117,9.004130624115218e+254
592.7027027027027,9.049446432335932e+254
593.6936936936937,9.094914029053956e+254
594.6846846846847,9.140533668057627e+254
595.6756756756756,9.186305603135262e+254
596.6666666666666,9.232230088075221e+254
597.6576576576576,9.278307376665841e+254
598.6486486486486,9.324537722695447e+254
599.6396396396397,9.370921379952388e+254
600.6306306306307,9.41745860222499e+254
601.6216216216216,9.464149643301583e+254
602.6126126126126,9.510994756970535e+254
603.6036036036036,9.557994197020149e+254
604.5945945945946,9.605148217238783e+254
605.5855855855856,9.652457071414773e+254
606.5765765765766,9.69992101333644e+254
607.5675675675676,9.747540296792135e+254
608.5585585585585,9.795315175570188e+254
609.5495495495495,9.843245903458953e+254
610.5405405405405,9.891332734246751e+254
611.5315315315315,9.93957592172193e+254
612.5225225225225,9.98797571967281e+254
613.5135135135135,1.0036532381887734e+255
614.5045045045044,1.0085246162155057e+255
615.4954954954954,1.013411731426309e+255
616.4864864864865,1.018314609200019e+255
617.4774774774775,1.023233274915469e+255
618.4684684684685,1.0281677539514931e+255
619.4594594594595,1.033118071686923e+255
620.4504504504505,1.0380842535005946e+255
621.4414414414414,1.0430663247713398e+255
622.4324324324324,1.0480643108779947e+255
623.4234234234234,1.0530782371993911e+255
624.4144144144144,1.0581081291143637e+255
625.4054054054054,1.063154012001745e+255
626.3963963963964,1.06821591124037e+255
627.3873873873873,1.073293852209071e+255
628.3783783783783,1.0783878602866843e+255
629.3693693693693,1.08349796085204e+255
630.3603603603603,1.0886241792839752e+255
631.3513513513514,1.093766540961322e+255
632.3423423423424,1.0989250712629135e+255
633.3333333333334,1.1040997955675846e+255
634.3243243243243,1.1092907392541704e+255
635.3153153153153,1.114497927701501e+255
636.3063063063063,1.1197213862884127e+255
637.2972972972973,1.1249611403937373e+255
638.2882882882883,1.1302172153963108e+255
639.2792792792793,1.1354896366749658e+255
640.2702702702702,1.1407784296085362e+255
641.2612612612612,1.146083619575855e+255
642.2522522522522,1.151405231955757e+255
643.2432432432432,1.1567432921270763e+255
644.2342342342342,1.1620978254686433e+255
645.2252252252252,1.1674688573592973e+255
646.2162162162163,1.1728564131778669e+255
647.2072072072071,1.1782605183031868e+255
648.1981981981982,1.1836811981140932e+255
649.1891891891892,1.1891184779894187e+255
650.1801801801802,1.1945723833079963e+255
651.1711711711712,1.2000429394486599e+255
652.1621621621622,1.2055301717902434e+255
653.1531531531531,1.2110341057115796e+255
654.1441441441441,1.2165547665915044e+255
655.1351351351351,1.2220921798088497e+255
656.1261261261261,1.22764637074245e+255
657.1171171171171,1.2332173647711385e+255
658.1081081081081,1.2388051872737495e+255
659.0990990990991,1.2444098636291158e+255
660.09009009009,1.2500314192160726e+255
661.081081081081,1.255669879413453e+255
662.072072072072,1.2613252696000888e+255
663.063063063063,1.2669976151548179e+255
664.0540540540541,1.2726869414564694e+255
665.0450450450451,1.2783932738838797e+255
666.0360360360361,1.2841166378158828e+255
667.027027027027,1.2898570586313104e+255
668.018018018018,1.2956145617089987e+255
669.009009009009,1.3013891724277789e+255
670.0,1.3071809161664868e+255
670.990990990991,1.3129898183039546e+255
671.981981981982,1.3188159042190165e+255
672.9729729729729,1.3246591992905061e+255
673.9639639639639,1.3305197288972593e+255
674.9549549549549,1.3363975184181061e+255
675.9459459459459,1.3422925932318828e+255
676.936936936937,1.3482049787174224e+255
677.927927927928,1.3541347002535576e+255
678.918918918919,1.360081783219124e+255
679.9099099099099,1.3660462529929542e+255
680.9009009009009,1.3720281349538834e+255
681.8918918918919,1.3780274544807417e+255
682.8828828828829,1.3840442369523665e+255
683.8738738738739,1.3900785077475908e+255
684.8648648648649,1.396130292245248e+255
685.8558558558558,1.402199615824168e+255
686.8468468468468,1.4082865038631908e+255
687.8378378378378,1.4143909817411482e+255
688.8288288288288,1.4205130748368709e+255
689.8198198198198,1.4266528085291963e+255
690.8108108108108,1.4328102081969569e+255
691.8018018018018,1.438985299218986e+255
692.7927927927927,1.4451781069741147e+255
693.7837837837837,1.4513886568411841e+255
694.7747747747748,1.4576169741990197e+255
695.7657657657658,1.4638630844264598e+255
696.7567567567568,1.4701270129023385e+255
697.7477477477478,1.4764087850054876e+255
698.7387387387387,1.4827084261147386e+255
699.7297297297297,1.4890259616089316e+255
700.7207207207207,1.4953614168668951e+255
701.7117117117117,1.5017148172674635e+255
702.7027027027027,1.5080861881894735e+255
703.6936936936937,1.514475555011756e+255
704.6846846846847,1.5208829431131452e+255
705.6756756756756,1.5273083778724751e+255
706.6666666666666,1.5337518846685794e+255
707.6576576576576,1.540213488880292e+255
708.6486486486486,1.5466932158864474e+255
709.6396396396397,1.5531910910658773e+255
710.6306306306307,1.5597071397974156e+255
711.6216216216216,1.5662413874598976e+255
712.6126126126126,1.5727938594321577e+255
713.6036036036036,1.5793645810930277e+255
714.5945945945946,1.5859535778213399e+255
715.5855855855856,1.5925608749959329e+255
716.5765765765766,1.599186497995636e+255
717.5675675675676,1.6058304721992834e+255
718.5585585585585,1.6124928229857115e+255
719.5495495495495,1.6191735757337523e+255
720.5405405405405,1.6258727558222367e+255
721.5315315315315,1.6325903886300052e+255
722.5225225225225,1.6393264995358876e+255
723.5135135135135,1.6460811139187155e+255
724.5045045045044,1.6528542571573234e+255
725.4954954954954,1.6596459546305498e+255
726.4864864864865,1.6664562317172229e+255
727.4774774774775,1.67328511379618e+255
728.4684684684685,1.6801326262462543e+255
729.4594594594595,1.6869987944462742e+255
730.4504504504505,1.6938836437750827e+255
731.4414414414414,1.700787199611506e+255
732.4324324324324,1.7077094873343801e+255
733.4234234234234,1.7146505323225399e+255
734.4144144144144,1.7216103599548182e+255
735.4054054054054,1.7285889956100488e+255
736.3963963963964,1.7355864646670652e+255
737.3873873873873,1.7426027925047002e+255
738.3783783783783,1.7496380045017904e+255
739.3693693693693,1.7566921260371654e+255
740.3603603603603,1.7637651824896647e+255
741.3513513513514,1.770857199238116e+255
742.3423423423424,1.7779682016613562e+255
743.3333333333334,1.7850982151382182e+255
744.3243243243243,1.7922472650475364e+255
745.3153153153153,1.7994153767681448e+255
746.3063063063063,1.8066025756788746e+255
747.2972972972973,1.8138088871585632e+255
748.2882882882883,1.8210343365860404e+255
749.2792792792793,1.828278949340143e+255
750.2702702702702,1.8355427507997037e+255
751.2612612612612,1.8428257663435551e+255
752.2522522522522,1.8501280213505336e+255
753.2432432432432,1.8574495411994714e+255
754.2342342342342,1.8647903512692021e+255
755.2252252252252,1.8721504769385584e+255
756.2162162162163,1.879529943586376e+255
757.2072072072071,1.8869287765914852e+255
758.1981981981982,1.8943470013327236e+255
759.1891891891892,1.9017846431889245e+255
760.1801801801802,1.90924172753892e+255
761.1711711711712,1.916718279761545e+255
762.1621621621622,1.9242143252356333e+255
763.1531531531531,1.9317298893400152e+255
764.1441441441441,1.9392649974535294e+255
765.1351351351351,1.946819674955006e+255
766.1261261261261,1.9543939472232815e+255
767.1171171171171,1.9619878396371873e+255
768.1081081081081,1.9696013775755597e+255
769.0990990990991,1.97723458641723e+255
770.09009009009,1.9848874915410324e+255
771.081081081081,1.9925601183257996e+255
772.072072072072,2.000252492150369e+255
773.063063063063,2.0079646383935686e+255
774.0540540540541,2.015696582434241e+255
775.0450450450451,2.02344834965121e+255
776.036036036036,2.0312199654233143e+255
777.027027027027,2.039011455129391e+255
778.018018018018,2.046822844148265e+255
779.009009009009,2.0546541578587767e+255
780.0,2.0625054216397576e+255
780.990990990991,2.0703766608700418e+255
781.981981981982,2.0782679009284643e+255
782.9729729729729,2.0861791671938545e+255
783.9639639639639,2.094110485045052e+255
784.9549549549549,2.1020618798608876e+255
785.9459459459459,2.110033377020194e+255
786.936936936937,2.118025001901807e+255
787.927927927928,2.126036779884559e+255
788.9189189189188,2.134068736347283e+255
789.9099099099099,2.142120896668815e+255
790.9009009009009,2.1501932862279884e+255
791.8918918918919,2.1582859304036332e+255
792.8828828828829,2.16639885457459e+255
793.8738738738739,2.1745320841196857e+255
794.8648648648649,2.1826856444177576e+255
795.8558558558558,2.190859560847638e+255
796.8468468468468,2.1990538587881604e+255
797.8378378378378,2.20726856361816e+255
798.8288288288288,2.2155037007164724e+255
799.8198198198198,2.223759295461927e+255
800.8108108108108,2.2320353732333576e+255
801.8018018018017,2.240331959409599e+255
802.7927927927927,2.2486490793694885e+255
803.7837837837837,2.2569867584918556e+255
804.7747747747748,2.2653450221555373e+255
805.7657657657658,2.2737238957393617e+255
806.7567567567568,2.2821234046221704e+255
807.7477477477478,2.2905435741827898e+255
808.7387387387387,2.2989844298000554e+255
809.7297297297297,2.3074459968528043e+255
810.7207207207207,2.315928300719867e+255
811.7117117117117,2.32443136678008e+255
812.7027027027027,2.332955220412274e+255
813.6936936936937,2.3414998869952858e+255
814.6846846846847,2.3500653919079463e+255
815.6756756756756,2.358651760529088e+255
816.6666666666666,2.3672590182375505e+255
817.6576576576576,2.3758871904121618e+255
818.6486486486486,2.3845363024317577e+255
819.6396396396397,2.3932063796751745e+255
820.6306306306307,2.401897447521239e+255
821.6216216216216,2.4106095313487943e+255
822.6126126126126,2.4193426565366666e+255
823.6036036036036,2.428096848463691e+255
824.5945945945946,2.4368721325087035e+255
825.5855855855856,2.445668534050537e+255
826.5765765765766,2.454486078468023e+255
827.5675675675676,2.4633247911399997e+255
828.5585585585585,2.472184697445295e+255
829.5495495495495,2.481065822762747e+255
830.5405405405405,2.489968192471189e+255
831.5315315315315,2.498891831949458e+255
832.5225225225225,2.5078367665763766e+255
833.5135135135135,2.516803021730793e+255
834.5045045045044,2.5257906227915278e+255
835.4954954954954,2.5347995951374194e+255
836.4864864864865,2.543829964147307e+255
837.4774774774775,2.5528817552000197e+255
838.4684684684685,2.561954993674387e+255
839.4594594594595,2.57104970494925e+255
840.4504504504505,2.5801659144034404e+255
841.4414414414414,2.589303647415789e+255
842.4324324324324,2.5984629293651323e+255
843.4234234234234,2.607643785630305e+255
844.4144144144144,2.6168462415901374e+255
845.4054054054054,2.6260703226234644e+255
846.3963963963964,2.6353160541091227e+255
847.3873873873873,2.6445834614259394e+255
848.3783783783783,2.653872569952752e+255
849.3693693693693,2.6631834050683987e+255
850.3603603603603,2.672515992151708e+255
851.3513513513514,2.6818703565815123e+255
852.3423423423424,2.691246523736649e+255
853.3333333333334,2.7006445189959525e+255
854.3243243243243,2.710064367738248e+255
855.3153153153153,2.7195060953423823e+255
856.3063063063063,2.728969727187183e+255
857.2972972972973,2.738455288651478e+255
858.2882882882883,2.747962805114112e+255
859.2792792792793,2.757492301953909e+255
860.2702702702702,2.7670438045497075e+255
861.2612612612612,2.77661733828034e+255
862.2522522522522,2.7862129285246435e+255
863.2432432432432,2.795830600661447e+255
864.2342342342342,2.8054703800695878e+255
865.2252252252252,2.815132292127897e+255
866.2162162162163,2.8248163622152086e+255
867.2072072072071,2.8345226157103588e+255
868.1981981981982,2.8442510779921768e+255
869.1891891891892,2.8540017744394998e+255
870.1801801801802,2.8637747304311654e+255
871.1711711711712,2.873569971345997e+255
872.1621621621622,2.8833875225628348e+255
873.1531531531531,2.893227409460515e+255
874.1441441441441,2.9030896574178677e+255
875.1351351351351,2.9129742918137235e+255
876.1261261261261,2.9228813380269217e+255
877.1171171171171,2.932810821436293e+255
878.1081081081081,2.9427627674206727e+255
879.0990990990991,2.9527372013588945e+255
880.09009009009,2.9627341486297895e+255
881.081081081081,2.972753634612196e+255
882.072072072072,2.982795684684947e+255
883.063063063063,2.9928603242268703e+255
884.0540540540541,3.002947578616803e+255
885.0450450450451,3.013057473233583e+255
886.036036036036,3.02319003345604e+255
887.027027027027,3.0333452846630067e+255
888.018018018018,3.0435232522333187e+255
889.009009009009,3.053723961545809e+255
890.0,3.0639474379793133e+255
890.990990990991,3.0741937069126598e+255
891.981981981982,3.08446279372469e+255
892.9729729729729,3.0947547237942324e+255
893.9639639639639,3.1050695225001217e+255
894.9549549549549,3.115407215221192e+255
895.9459459459459,3.1257678273362773e+255
896.936936936937,3.136151384224213e+255
897.927927927928,3.1465579112638285e+255
898.9189189189188,3.156987433833962e+255
899.9099099099099,3.16743997731344e+255
900.9009009009009,3.1779155670811072e+255
901.8918918918919,3.1884142285157903e+255
902.8828828828829,3.1989359869963197e+255
903.8738738738739,3.2094808679015365e+255
904.8648648648649,3.2200488966102724e+255
905.8558558558558,3.23064009850136e+255
906.8468468468468,3.241254498953631e+255
907.8378378378378,3.251892123345926e+255
908.8288288288288,3.2625529970570677e+255
909.8198198198198,3.2732371454659037e+255
910.8108108108108,3.2839445939512534e+255
911.8018018018017,3.2946753678919583e+255
912.7927927927927,3.3054294926668546e+255
913.7837837837837,3.3162069936547692e+255
914.7747747747748,3.3270078962345438e+255
915.7657657657658,3.337832225785003e+255
916.7567567567568,3.3486800076849857e+255
917.7477477477478,3.359551267313323e+255
918.7387387387387,3.370446030048857e+255
919.7297297297297,3.381364321270406e+255
920.7207207207207,3.392306166356819e+255
921.7117117117117,3.403271590686921e+255
922.7027027027027,3.4142606196395528e+255
923.6936936936937,3.425273278593541e+255
924.6846846846846,3.436309592927717e+255
925.6756756756756,3.447369588020921e+255
926.6666666666666,3.4584532892519854e+255
927.6576576576576,3.469560721999749e+255
928.6486486486486,3.4806919116430337e+255
929.6396396396397,3.4918468835606796e+255
930.6306306306307,3.503025663131525e+255
931.6216216216216,3.514228275734396e+255
932.6126126126126,3.5254547467481273e+255
933.6036036036036,3.536705101551557e+255
934.5945945945946,3.5479793655235182e+255
935.5855855855856,3.5592775640428427e+255
936.5765765765766,3.570599722488363e+255
937.5675675675675,3.581945866238912e+255
938.5585585585585,3.5933160206733245e+255
939.5495495495495,3.6047102111704377e+255
940.5405405405405,3.6161284631090854e+255
941.5315315315315,3.6275708018680984e+255
942.5225225225225,3.6390372528263084e+255
943.5135135135135,3.6505278413625544e+255
944.5045045045044,3.6620425928556618e+255
945.4954954954954,3.6735815326844757e+255
946.4864864864865,3.6851446862278195e+255
947.4774774774775,3.696732078864536e+255
948.4684684684685,3.7083437359734524e+255
949.4594594594595,3.7199796829334037e+255
950.4504504504504,3.731639945123223e+255
951.4414414414414,3.743324547921746e+255
952.4324324324324,3.7550335167078056e+255
953.4234234234234,3.766766876860239e+255
954.4144144144144,3.778524653757869e+255
955.4054054054054,3.790306872779546e+255
956.3963963963964,3.80211355930409e+255
957.3873873873873,3.81394473871034e+255
958.3783783783783,3.825800436377128e+255
959.3693693693693,3.8376806776832894e+255
960.3603603603603,3.849585488007656e+255
961.3513513513514,3.861514892729066e+255
962.3423423423424,3.8734689172263465e+255
963.3333333333334,3.885447586878335e+255
964.3243243243243,3.897450927063864e+255
965.3153153153153,3.909478963161766e+255
966.3063063063063,3.92153172055088e+255
967.2972972972973,3.933609224610041e+255
968.2882882882883,3.94571150071807e+255
969.2792792792793,3.957838574253815e+255
970.2702702702702,3.969990470596099e+255
971.2612612612612,3.982167215123762e+255
972.2522522522522,3.994368833215639e+255
973.2432432432432,4.006595350250557e+255
974.2342342342342,4.018846791607356e+255
975.2252252252252,4.0311231826648634e+255
976.2162162162163,4.043424548801921e+255
977.2072072072071,4.0557509153973545e+255
978.1981981981982,4.068102307830007e+255
979.1891891891892,4.0804787514787e+255
980.1801801801802,4.092880271722276e+255
981.1711711711712,4.105306893939568e+255
982.1621621621622,4.117758643509408e+255
983.1531531531531,4.1302355458106264e+255
984.1441441441441,4.142737626222064e+255
985.1351351351351,4.155264910122552e+255
986.1261261261261,4.167817422890925e+255
987.1171171171171,4.180395189906005e+255
988.1081081081081,4.192998236546644e+255
989.0990990990991,4.205626588191665e+255
990.09009009009,4.218280270219903e+255
991.081081081081,4.230959308010195e+255
992.072072072072,4.243663726941369e+255
993.063063063063,4.256393552392269e+255
994.0540540540541,4.269148809741715e+255
995.0450450450451,4.28192952436855e+255
996.036036036036,4.294735721651601e+255
997.027027027027,4.307567426969714e+255
998.018018018018,4.3204246657017085e+255
999.009009009009,4.333307463226428e+255
1000.0,4.346215844922703e+255
